,casesPer1000,deathsPer1000,NovemberCasesPercent,NovemberDeathsPercent,casesSinceSeptember,deathsSinceSeptember,popData2019,casesSinceNovember,deathsSinceNovember,NY.GDP.PCAP.CD,EN.POP.DNST,SH.MED.BEDS.ZS,SH.MED.PHYS.ZS,SP.POP.65UP.TO.ZS,SH.STA.TRAF.P5,EN.ATM.PM25.MC.M3,countriesAndTerritories,countryterritoryCode,continentExp
0,0.13348489660979646,0.005651684279461645,0.3574241827491138,0.3767441860465116,5078.0,215.0,38041757.0,1815.0,81.0,502.115486913067,56.937760009803,0.5,0.2782,2.61579421390507,15.1,56.910808354508106,Afghanistan,AFG,Asia
1,6.237014952695737,0.11598549063434632,0.3696297541029519,0.3313253012048193,17853.0,332.0,2862427.0,6599.0,110.0,5352.85741103671,104.61226277372299,2.9,1.2164,14.202630620736402,13.6,18.2006025215914,Albania,ALB,Europe
2,0.5266293071799274,0.014818925505261487,0.4043576059630397,0.28683385579937304,22673.0,638.0,43053054.0,9168.0,183.0,3948.3432789257104,17.7300750711665,1.9,1.7193,6.552777881912861,23.8,38.8840106983002,Algeria,DZA,Africa
3,60.39880803917193,0.2888010816913242,0.2303846989784829,0.6111111111111112,4601.0,22.0,76177.0,1060.0,0.0,40886.3911648431,163.842553191489,2.5,3.3333,14.465040600890855,7.6,10.3076213949548,Andorra,AND,Europe
4,0.3331940416333559,0.006598524023293544,0.279045643153527,0.2,10604.0,210.0,31825299.0,2959.0,42.0,2973.5911597986797,24.713052057431604,0.8,0.2146,2.19934175001363,23.6,32.3885049076425,Angola,AGO,Africa
5,2.9906291041925446,0.07256420842278101,0.5071428571428571,0.8333333333333333,0.0,0.0,14872.0,0.0,0.0,117155.01563230884,9697.34,8.8,6.80805,8.430223005575826,0.0,10.747580294150922,Anguilla,AIA,America
6,0.4118828193378984,0.01029707048344746,0.175,1.0,40.0,1.0,97115.0,7.0,1.0,17790.309306815,218.83181818181802,3.8,2.9560000000000004,9.05496406433411,7.9,18.6223428464755,Antigua_and_Barbuda,ATG,America
7,20.178458676650138,0.6008395362508493,0.16341764377133813,0.16780643722589758,903605.0,26906.0,44780675.0,147665.0,4515.0,10006.1489736082,16.2585100979651,5.0,3.9901,11.2431082719004,14.0,13.311833946835,Argentina,ARG,America
8,24.87956972378799,0.2995542524532344,0.3740334569964803,0.4762979683972912,73587.0,886.0,2957728.0,27524.0,422.0,4622.733493286711,103.68022479803301,4.2,4.4023,11.483667716908698,17.1,32.5281183420597,Armenia,ARM,Europe
9,25.030570971686572,0.3198193961057285,0.06989853438556934,0.2058823529411765,2661.0,34.0,106310.0,186.0,7.0,29007.6930034887,588.027777777778,11.2400001526,2.5386,14.058355437665801,11.9,14.443827565291599,Aruba,ABW,America
10,0.08098178009141696,0.011744540375825292,0.06320431161195493,0.3129370629370629,2041.0,296.0,25203200.0,129.0,0.0,54907.1019101424,3.24787091037205,3.8,3.6778,15.9212017459054,5.6,8.55032440147794,Australia,AUS,Oceania
11,19.302668822720975,0.101142652341887,0.5659305956794817,0.6138392857142857,170998.0,896.0,8858775.0,96773.0,550.0,50277.2750874213,107.127966860564,7.6,5.1697,19.0756062856682,5.2,12.477966730824802,Austria,AUT,Europe
12,3.6943708318276016,0.04130290665971053,0.5187230603448276,0.5493975903614458,37120.0,415.0,10047719.0,19255.0,228.0,4793.58701966989,120.23431716463001,4.7,3.446,6.446389120395301,8.7,19.9286636166698,Azerbaijan,AZE,Europe
13,12.827161951905847,0.2875584745022928,0.10388310648518816,0.11607142857142858,4996.0,112.0,389486.0,519.0,13.0,32933.4860147581,38.5254745254745,2.9,2.0068,7.483272654448731,13.8,17.3677204858567,Bahamas,BHS,America
14,20.076604166311228,0.08774260220185186,0.09277975052353638,0.09722222222222222,32949.0,144.0,1641164.0,3057.0,14.0,23503.977126673,2017.27369979138,2.0,0.9257,2.51880972865733,8.0,70.8162076823101,Bahrain,BHR,Asia
15,0.7339884021687525,0.011806471532453571,0.20164780988351688,0.13922077922077922,119674.0,1925.0,163046173.0,24132.0,268.0,1855.7398240804603,1239.5793116693599,0.8,0.5809,5.1803513484748605,15.3,60.8457845768598,Bangladesh,BGD,Asia
16,0.2647889875653698,0.09721021547062943,0.17105263157894735,0.6597484276729559,76.0,0.0,287021.0,13.0,0.0,18148.2449264001,666.606976744186,5.8,2.4843,16.2309903318526,5.6,23.0801758047572,Barbados,BRB,America
17,4.356878759689726,0.03840290871882501,0.3732365296360149,0.17079889807162535,41183.0,363.0,9452409.0,15371.0,62.0,6663.29529282582,46.719503788420404,11.0,5.1905,15.2008413514816,8.9,18.765579906381102,Belarus,BLR,Europe
18,38.914256089139215,0.3845308099964742,0.1993705457588109,0.596594778660613,445783.0,4405.0,11455519.0,88876.0,2628.0,46116.69923368,377.379590488771,6.2,3.0709,19.006566066932102,5.8,12.886518471307198,Belgium,BEL,Europe
19,9.70664863161616,0.1921347710137799,0.3486408023225125,0.4,3789.0,75.0,390351.0,1321.0,30.0,4815.1637107951,16.7939938623411,1.3,1.1229,4.86738926048986,28.3,23.011892109011303,Belize,BLZ,America
20,0.059231510553504486,0.00025421249164594203,0.2875536480686695,0.6666666666666666,699.0,3.0,11801151.0,201.0,2.0,1219.43267185875,101.853919829727,0.5,0.0791,3.2648849252077206,27.5,38.999958763225706,Benin,BEN,Africa
21,0.8478914698918538,0.0884795249538165,0.4339622641509434,0.6428571428571428,53.0,0.0,62508.0,23.0,0.0,85748.0654143782,1183.7036827987401,6.3000001907000005,2.39115,14.465040600890855,3.8,11.646359194991,Bermuda,BMU,America
22,0.1978786361837467,0.07478922583374634,0.17880794701986755,0.4581958195819582,151.0,0.0,763094.0,27.0,0.0,3243.23112593497,19.7775277714448,1.7,0.4242,6.092974372683769,17.4,37.926503204094,Bhutan,BTN,Asia
23,2.363654903778321,0.3365730625855655,0.0569580715099401,0.03251612903225806,27213.0,3875.0,11513102.0,1550.0,126.0,3552.0687621415996,10.4801458506416,1.1,1.5901,7.338631645690559,15.5,21.5689865956858,Bolivia,BOL,America
24,5.388138398183428,0.11546010853250202,0.014285714285714284,0.8333333333333333,140.0,3.0,25983.0,2.0,0.0,117155.01563230884,9697.34,8.8,6.80805,8.430223005575826,0.0,10.747580294150922,"Bonaire, Saint Eustatius and Saba",BES,America
25,15.483499232656305,0.3832174390896329,0.4450509675021033,0.5098814229249012,51111.0,1265.0,3300998.0,22747.0,645.0,6073.26520283208,64.92048828125,3.5,2.1616,17.2011511663132,15.7,27.747668964733702,Bosnia_and_Herzegovina,BIH,Europe
26,2.86147997376398,0.009115758411566073,0.2401395631067961,0.14285714285714285,6592.0,21.0,2303703.0,1583.0,3.0,7961.3381401404795,3.9774248760432704,1.8,0.5269,4.36589534127101,23.8,23.094386181065,Botswana,BWA,Africa
27,9.413184211047644,0.2124146039868492,0.16726717566473778,0.13787642203881328,1986648.0,44830.0,211049519.0,332301.0,6181.0,8717.18627810819,25.061716243087602,2.2,2.1643,9.25160803606065,19.7,12.706629474072402,Brazil,BRA,America
28,1.1653847434488729,0.07256420842278101,0.3064062088923967,0.8333333333333333,35.0,0.0,30033.0,0.0,0.0,37811.62055095045,198.68,8.8,6.80805,8.430223005575826,0.0,10.747580294150922,British_Virgin_Islands,VGB,America
29,0.009231564565562572,0.23984662275803637,0.22626195440385033,0.2580357142857143,4.0,0.0,433296.0,0.0,0.0,31086.751079293903,81.39696394686909,2.7,1.609,5.20881175208004,8.0,5.90306546792381,Brunei_Darussalam,BRN,Asia
30,11.606363907401088,0.21114168078206424,0.5710382177364761,0.5663058186738836,81245.0,1478.0,7000039.0,46394.0,837.0,9737.60135083347,64.7110998526161,6.8,4.0332,21.252967270985,10.2,19.1491323370921,Bulgaria,BGR,Europe
31,0.062348118727942874,0.0006397202395132262,0.12470402525651145,0.07692307692307693,1267.0,13.0,20321383.0,158.0,1.0,774.8396902346001,72.1912828947368,0.4,0.0847,2.4072875372920097,30.5,42.9355925055958,Burkina_Faso,BFA,Africa
32,0.015784119042785108,0.2624743276497886,0.2472527472527473,0.234596693658208,182.0,0.0,11530577.0,45.0,0.0,261.247472515742,435.17827102803705,0.8,0.1001,2.31209531524,34.7,38.8962679482295,Burundi,BDI,Africa
33,0.0016983549370146874,0.002040456970885126,0.42857142857142855,0.08998988877654195,28.0,0.0,16486542.0,12.0,0.0,1643.12138876475,92.05641287106279,0.8,0.1927,4.717769196232901,17.8,25.6142918675755,Cambodia,KHM,Asia
34,0.12671784511493048,0.0008501959721038335,0.1915218054284843,0.3181818181818182,3279.0,22.0,25876387.0,628.0,7.0,1497.90917560296,53.3439889149796,1.3,0.0881,2.72364990775371,30.1,72.79309622373529,Cameroon,CMR,Africa
35,4.3834923799761984,0.04741916008852788,0.3654590800714673,0.4402480270574972,163991.0,1774.0,37411038.0,59932.0,781.0,46194.7252255167,4.07518823864492,2.7,2.6102,17.6478968899213,5.8,6.4283831325852505,Canada,CAN,America
36,10.779436152570481,0.11274039160920545,0.18319838056680166,0.1129032258064516,5928.0,62.0,549936.0,1086.0,7.0,3603.7817936777,134.92977667493798,2.1,0.7814,4.698373444134309,25.0,34.778700101066796,Cape_Verde,CPV,Africa
37,0.7544497136170475,0.0884795249538165,0.2857142857142857,0.6428571428571428,49.0,0.0,64948.0,14.0,0.0,85477.28701306871,267.391666666667,3.942139787229645,2.39115,16.966736287556703,3.8,11.62426932698385,Cayman_Islands,CYM,America
38,0.04130508037736827,0.000421480412013962,0.15306122448979592,0.5,196.0,2.0,4745179.0,30.0,1.0,467.90744063633497,7.490412212270059,1.0,0.0721,2.81479015043671,33.6,56.8284973827312,Central_African_Republic,CAF,Africa
39,0.03630803814814708,0.001442288216593062,0.1865284974093264,0.08695652173913042,579.0,23.0,15946882.0,108.0,2.0,709.5403101385331,12.2917336404066,0.4,0.0434,2.4916416230991,27.6,66.0292054967769,Chad,TCD,Africa
40,6.3160499650829065,0.18641797569495835,0.17631284356151108,0.1752052080384942,119702.0,3533.0,18952035.0,21105.0,619.0,14896.453866578899,25.189446066651897,2.2,2.5912,11.881540127768801,12.5,21.0362990619754,Chile,CHL,America
41,0.0012093874478243125,1.1856739684552085e-05,0.1903114186851211,0.18840863764399796,1734.0,17.0,1433783692.0,330.0,0.0,10261.679128374399,148.348833270666,4.2,1.9798,11.4721930236832,18.2,52.664595829198106,China,CHN,Asia
42,11.582686761154669,0.2873492263313283,0.21927706297400296,0.1862426546837193,583066.0,14465.0,50339443.0,127853.0,2694.0,6432.38758339551,44.7487021180712,1.5,2.1848,8.76583000729666,18.5,16.5272102219124,Colombia,COL,America
43,0.1833372312082276,0.07478922583374634,0.2692307692307692,0.4581958195819582,156.0,0.0,850891.0,42.0,0.0,1393.52237156461,447.24447754022697,2.2,0.2715,3.05540342654598,26.5,20.546824599668103,Comoros,COM,Africa
44,0.2601986728380836,0.002601986728380836,0.06357142857142857,0.5123689727463312,1400.0,14.0,5380504.0,89.0,0.0,2011.07239887663,15.3568462664715,1.6,0.1645,2.7214158960455,27.4,46.6382202758892,Congo,COG,Africa
45,16.547397842244994,0.22347426806729032,0.17189071404626216,0.1551418439716312,83524.0,1128.0,5047561.0,14357.0,175.0,12238.374964398401,97.91306306306309,1.2,2.8939,9.88043532311942,16.7,15.7259203021082,Costa_Rica,CRI,America
46,0.11653971990181887,0.0005055109638717535,0.08441775108441775,0.3076923076923077,2997.0,13.0,25716554.0,253.0,4.0,2286.162776855,78.8340534591195,0.4,0.2314,2.87311934294126,23.6,25.8862663364222,Cote_dIvoire,CIV,Africa
47,17.594865471809108,0.20165613164661803,0.4921431658788918,0.5778588807785888,71721.0,822.0,4076246.0,35297.0,475.0,14853.239837463501,73.04937455325229,5.6,2.9996,20.8601352345977,8.1,17.901772288401602,Croatia,HRV,Europe
48,0.317201665436683,0.003264662481545833,0.2133518776077886,0.08108108108108109,3595.0,37.0,11333484.0,767.0,3.0,8821.81889125004,108.99959623149401,5.2,8.4218,15.5649591568629,8.5,19.7060474004201,Cuba,CUB,America
49,7.648862155265782,0.006119089724212628,0.2904,1.0,1250.0,1.0,163423.0,363.0,1.0,19573.892645136002,360.754504504505,2.1,0.86245,17.1688368905424,31.45,17.017611967434604,CuraÃ§ao,CUW,America
50,6.3523305769272485,0.020550314591065863,0.5093457943925234,0.7777777777777778,5564.0,18.0,875899.0,2834.0,14.0,27858.3709958327,128.708333333333,3.4,1.9509,14.0482656487913,5.1,17.2944061994662,Cyprus,CYP,Europe
51,40.73898101372796,0.5291179177073748,0.3101354808671882,0.5288376220053239,433862.0,5635.0,10649800.0,134556.0,2980.0,23101.7777049854,137.657705257705,6.5,4.1208,19.800744844637197,5.9,16.0712453523646,Czechia,CZE,Europe
52,0.019760211731763296,0.000702841350225983,0.26472303206997083,0.19672131147540986,1715.0,61.0,86790568.0,454.0,12.0,545.216212311342,37.0825923557045,0.8,0.07400000000000001,3.01693961741257,33.7,44.909263598684205,Democratic_Republic_of_the_Congo,COD,Africa
53,7.64336563682112,0.02290701765958828,0.35722655369777817,0.2857142857142857,44378.0,133.0,5806081.0,15853.0,38.0,59822.0929608968,137.976565849012,2.5,4.0099,19.965259128921,4.0,10.029653438569401,Denmark,DNK,Europe
54,0.2670619183057592,0.00102716122425292,0.3307692307692308,0.4246031746031746,260.0,1.0,973557.0,86.0,0.0,3408.84625440838,41.368421052631604,1.4,0.2237,4.60906364271334,24.7,45.5496175977411,Djibouti,DJI,Africa
55,0.6684491978609626,0.14954907608738582,0.5416666666666666,0.6428571428571428,48.0,0.0,71808.0,26.0,0.0,8300.37507427213,95.5,3.8,1.1189,8.430223005575826,10.9,19.4931537608634,Dominica,DMA,America
56,3.630147694976337,0.055964466567842666,0.17681612969423352,0.07653910149750416,38984.0,601.0,10738957.0,6893.0,46.0,8282.1162218645,219.97857586421,1.6,1.56,7.298389657544059,34.6,13.726321150433,Dominican_Republic,DOM,America
57,3.7976460569009736,0.37079125022440573,0.18915109352975948,0.056659422539583976,65979.0,6442.0,17373657.0,12480.0,365.0,6183.823824821729,68.7886817522951,1.5,2.0368,7.372199367064931,21.3,14.8861006610676,Ecuador,ECU,America
58,0.1177430674137036,0.010389680144880951,0.2682741116751269,0.17641418983700866,11820.0,1043.0,100388076.0,3171.0,184.0,3020.03134971543,98.8734692852479,1.6,0.4521,5.276332976328769,9.7,86.9994520503272,Egypt,EGY,Africa
59,1.6470004881034466,0.050669786396634414,0.27406152977702514,0.21100917431192664,10629.0,327.0,6453550.0,2913.0,69.0,4187.2500311069,309.88146718146703,1.3,1.5662,8.46958256947762,22.2,24.472292294692195,El_Salvador,SLV,America
60,0.12020808535806522,0.0014749458326142972,0.098159509202454,1.0,163.0,2.0,1355982.0,16.0,2.0,8131.92388810912,46.6657397504456,2.1,0.4017,2.4245088076130603,24.6,53.2406210371101,Equatorial_Guinea,GNQ,Africa
61,0.0500412196675147,0.19449744775622282,0.18285714285714288,0.4049407114624506,175.0,0.0,3497117.0,32.0,0.0,642.507659063694,31.8215049504951,0.7,0.0628,4.08385636215873,25.3,48.0301986806015,Eritrea,ERI,Africa
62,3.604263220663939,0.012077112362434144,0.4978010471204189,0.4375,4775.0,16.0,1324820.0,2377.0,7.0,23659.8722900339,30.411249137336103,5.0,4.4833,19.991807780044198,6.1,6.73212401545877,Estonia,EST,Europe
63,1.3343401853269612,0.024387418530779973,0.12010443864229765,0.07142857142857142,1532.0,28.0,1148133.0,184.0,2.0,3837.0269938447204,66.05761627906979,2.1,0.3285,4.01478926602388,26.9,17.1687873115117,Eswatini,SWZ,Africa
64,0.4568128258630204,0.0068880154215170564,0.12758061680892205,0.13082901554404144,51199.0,772.0,112078727.0,6532.0,101.0,857.501351042922,109.22455900000001,0.3,0.0769,3.51669045500426,26.7,38.9787377576037,Ethiopia,ETH,Africa
65,0.5931198102016608,0.07256420842278101,1.0,0.8333333333333333,2.0,0.0,3372.0,2.0,0.0,117155.01563230884,9697.34,8.8,6.80805,8.430223005575826,0.0,10.747580294150922,Falkland_Islands_(Malvinas),FLK,America
66,1.7667481562134066,0.09740274506454859,0.034883720930232565,0.6428571428571428,86.0,0.0,48677.0,3.0,0.0,58622.840815806,34.7399698278226,5.050000095350001,4.72135,14.465040600890855,3.8,11.62426932698385,Faroe_Islands,FRO,Europe
67,0.007865566236495104,0.010788737907659392,0.14285714285714285,0.4581958195819582,7.0,0.0,889955.0,1.0,0.0,6220.04642089247,48.3570333880679,2.3,0.86,5.62422959414711,9.6,10.840159904294401,Fiji,FJI,Oceania
68,1.9980358537339893,0.006161743222399604,0.2895238095238095,0.3235294117647059,11025.0,34.0,5517919.0,3192.0,11.0,48685.8539866945,18.1485472672831,4.4,3.8118,22.1406446239043,4.7,5.8613310008192805,Finland,FIN,Europe
69,25.0199055008572,0.20354295158439908,0.37134331669704457,0.5631231671554252,1676656.0,13640.0,67012883.0,622615.0,7681.0,40493.9285720456,122.299437237519,6.5,3.2672,20.3913702817859,5.5,11.814963616289301,France,FRA,Europe
70,40.410333530264786,0.18977030631791894,0.3937621832358674,0.4528301886792453,11286.0,53.0,279285.0,4444.0,24.0,14323.820820245,75.8685792349727,3.75,1.6969999999999998,8.68067615033997,10.75,17.36647641718575,French_Polynesia,PYF,Oceania
71,0.2563774465174553,0.0023014133439627944,0.1687612208258528,0.6,557.0,5.0,2172578.0,94.0,3.0,7667.366861269141,8.224764233321691,6.3,0.6819,3.5447272573287303,23.2,44.385548464417894,Gabon,GAB,Africa
72,0.3130729021133912,0.011074687693807036,0.0380952380952381,0.1153846153846154,735.0,26.0,2347696.0,28.0,3.0,751.2946883887421,225.30652173912998,1.1,0.1021,2.56092543103779,29.7,33.982638553814695,Gambia,GMB,Africa
73,19.563586723452637,0.17113853664541445,0.5210574106994411,0.5789473684210527,78191.0,684.0,3996762.0,40742.0,396.0,4769.18654326351,65.0477623429791,2.6,7.1201,15.0610556287397,15.3,22.196054618119398,Georgia,GEO,Europe
74,6.602351193090688,0.03838870407022529,0.4957837853616531,0.637903984938814,548122.0,3187.0,83019213.0,271750.0,2033.0,46258.87828970519,237.30759674834,8.3,4.2488,21.5629923209089,4.1,12.028767360745,Germany,DEU,Europe
75,0.19110484374014766,0.0014465186864900214,0.3376913813865474,0.14765694076038904,5813.0,44.0,30417858.0,1963.0,0.0,2202.11556738065,130.821429199262,0.9,0.1359,3.09732217813116,24.9,34.713514102152,Ghana,GHA,Africa
76,17.860321604462115,0.02966830831305999,0.3222591362126246,1.0,602.0,1.0,33706.0,194.0,1.0,110918.53229631335,3371.8,8.8,6.80805,14.465040600890855,0.0,10.747580294150922,Gibraltar,GIB,Europe
77,5.816161518020394,0.0720772869922689,0.566147236116455,0.536869340232859,62376.0,773.0,10724599.0,35314.0,415.0,19582.5360108329,83.26518231186971,4.3,5.4789,21.941470126142697,9.2,16.218266380655802,Greece,GRC,Europe
78,0.05294740557712672,0.22696913175368066,0.2674418604651163,0.6428571428571428,3.0,0.0,56660.0,0.0,0.0,54470.956386425496,0.13649165550006098,3.15,4.72135,14.465040600890855,3.8,11.6021794589767,Greenland,GRL,America
79,0.07142729594114391,0.165058233294588,0.5,0.6029411764705882,8.0,0.0,112002.0,4.0,0.0,10965.5131592044,327.805882352941,3.7,1.4067,9.677419354838712,9.3,22.722687475907,Grenada,GRD,America
80,27.60393317194178,0.4961295914402703,0.27804244261585104,0.1686746987951807,4618.0,83.0,167295.0,1284.0,14.0,35712.5621350321,306.977777777778,2.1,1.084,10.1898454218322,31.45,11.634406810239401,Guam,GUM,Oceania
81,2.3210224215532302,0.0671160942346365,0.18085132452765454,0.17457627118644067,40807.0,1180.0,17581476.0,7380.0,206.0,4619.98709708493,152.547125793206,0.6,0.3549,4.928984330777309,16.6,24.0706489340746,Guatemala,GTM,America
82,0.465347148973134,0.15031147489146002,0.5,0.6428571428571428,30.0,0.0,64468.0,15.0,0.0,85612.67621372346,725.5476747327036,4.50000009535,0.43415000000000004,8.430223005575826,8.3,10.94384570718545,Guernsey,GGY,Europe
83,0.25165907852687197,0.0011745134343195645,0.1596141879278158,0.13333333333333333,3214.0,15.0,12771246.0,513.0,2.0,1064.1312373665598,50.5222122741332,0.3,0.0832,2.9419055901045197,28.2,26.062490198745,Guinea,GIN,Africa
84,0.11140512578107227,0.004685262299203972,0.07476635514018691,0.2222222222222222,214.0,9.0,1920917.0,16.0,2.0,697.784402885715,66.6539473684211,1.0,0.1274,2.86326045513561,31.1,29.774702280636,Guinea_Bissau,GNB,Africa
85,4.5479224553671225,0.12902813707642682,0.18286516853932586,0.13861386138613865,3560.0,101.0,782775.0,651.0,14.0,5468.35662903592,3.9573482346964703,1.6,0.8023,6.711584304888049,24.6,22.3755746295002,Guyana,GUY,America
86,0.08514545622915369,0.002752355727949702,0.11887382690302398,0.0822072072072072,959.0,31.0,11263079.0,114.0,0.0,754.58791774842,403.59854862118993,0.7,0.2343,5.0636695460752,15.1,15.0198243767223,Haiti,HTI,America
87,17.177914110429448,0.07256420842278101,0.5071428571428571,0.8333333333333333,14.0,0.0,815.0,0.0,0.0,117155.01563230884,9697.34,8.8,6.80805,8.430223005575826,0.0,10.747580294150922,Holy_See,VAT,Europe
88,4.348501941542861,0.09891120718358032,0.13371558009485382,0.15871369294605808,42381.0,964.0,9746115.0,5667.0,153.0,2574.91219067443,85.6870319063366,0.7,0.3089,4.8281895240945705,16.7,20.628850648765102,Honduras,HND,America
89,13.813912881893295,0.25407367174623,0.4862222222222222,0.5424889246878776,135000.0,2483.0,9772756.0,65640.0,1347.0,16475.7418389402,107.981486799956,7.0,3.4075,19.694457606700198,7.8,15.926048192242401,Hungary,HUN,Europe
90,8.630469675706111,0.042017865996621766,0.12625770853618956,0.8666666666666667,3081.0,15.0,356991.0,389.0,13.0,66944.8255080349,3.5184139650872797,3.2,4.0778,15.192121074474,6.6,6.4811472626574895,Iceland,ISL,Europe
91,3.800692707040613,0.047691124997354034,0.13044799352400596,0.12267133167602738,5193334.0,65166.0,1366417756.0,677460.0,7994.0,2104.1459000333302,454.93807257524696,0.7,0.8571,6.3779241556898,22.6,90.87321046889929,India,IND,Asia
92,1.0751164541670963,0.02884058622591265,0.1926833795032892,0.17501601537475978,290954.0,7805.0,270625567.0,56062.0,1366.0,4135.569262815539,147.75219008926,1.2,0.4269,6.05030268241321,12.2,16.5026533008949,Indonesia,IDN,Asia
93,4.5342823307066284,0.2360521173454007,0.3845486826880877,0.3349683220927856,375955.0,19572.0,82913893.0,144573.0,6556.0,5520.310789323821,50.222420123283996,1.5,1.5844,6.358522055395629,20.5,38.9787602813703,Iran,IRN,Asia
94,7.268876462297978,0.11864729164534565,0.16197355619483586,0.1631646655231561,285738.0,4664.0,39309789.0,46282.0,761.0,5955.109010368161,88.53057003546171,1.4,0.7079,3.3985331335967897,20.7,61.6362357139826,Iraq,IRQ,Asia
95,7.904588682446209,0.040984943640604864,0.1668214414693288,0.3482587064676617,38766.0,201.0,4904240.0,6467.0,70.0,78660.9564629603,70.65344752503991,2.8,3.3125,14.222830745346402,4.1,8.20857673526837,Ireland,IRL,Europe
96,0.3191904384730875,0.011821868091595834,0.3703703703703704,1.0,27.0,1.0,84589.0,10.0,1.0,80989.17221145019,147.50350877193,1.58427938375929,1.449,16.966736287556703,7.75,10.9769902949729,Isle_of_Man,IMN,Europe
97,24.583968796764736,0.2115179133487875,0.04659568372803667,0.1148723640399556,209440.0,1802.0,8519373.0,9759.0,207.0,43641.3977358108,410.480591497227,3.1,4.6249,12.208674413633801,4.2,21.381102240014602,Israel,ISR,Asia
98,14.518565133011437,0.15251937116955785,0.5669961453053288,0.6910710406256789,876334.0,9206.0,60359546.0,496878.0,6362.0,33189.5657988542,205.418372203713,3.4,3.9774,23.0121366488811,5.6,16.7507119446607,Italy,ITA,Europe
99,2.517741718298518,0.07054968037263798,0.10440522699717096,0.1153846153846154,7423.0,208.0,2948277.0,775.0,24.0,5582.263777552111,270.993074792244,1.7,1.3061,8.922391673243949,13.6,13.4041505299481,Jamaica,JAM,America
100,0.3847697063996357,0.004761142806387364,0.3336269769728755,0.2119205298013245,48812.0,604.0,126860299.0,16285.0,128.0,40246.8801284164,347.07345841562403,13.4,2.4115,28.002049277811498,4.1,11.7047781866642,Japan,JPN,Asia
101,3.3210879810011504,0.20293936940179663,0.441340782122905,0.21405228758169936,358.0,0.0,107796.0,158.0,0.0,18235.615417211466,435.308760683761,10.6400001526,1.03575,11.89946319026315,8.75,16.23291429997505,Jersey,JEY,Europe
102,13.79362299225566,0.1671996299235663,0.5167182195939399,0.5518058022498521,139339.0,1689.0,10101697.0,71999.0,932.0,4330.3293459325705,112.14249831043001,1.4,2.3237,3.8934162923565094,24.4,33.0060811782318,Jordan,JOR,Asia
103,1.613838029072479,0.02889265451694608,0.36450783259293895,0.16977611940298507,29939.0,536.0,18551428.0,10913.0,91.0,9731.14520688729,6.76982572137645,6.7,3.98,7.652343940980929,17.6,13.824288355390902,Kazakhstan,KAZ,Asia
104,0.6698372219087063,0.01283905397513564,0.4394593366651522,0.397037037037037,35216.0,675.0,52573967.0,15476.0,268.0,1816.5469164389,90.29941666373828,1.4,0.1565,2.4238267098436697,27.8,28.5783742715702,Kenya,KEN,Africa
105,8.497052553619504,0.16291299556409594,0.607773851590106,0.447098976109215,15282.0,293.0,1798506.0,9288.0,131.0,4417.50993975428,164.50840451915101,3.4,1.6589500000000001,11.599885729226905,20.200000000000003,21.60057989823405,Kosovo,XKX,Europe
106,12.290005626234084,0.07249689035879306,0.21282274441543367,0.20327868852459016,51705.0,305.0,4207077.0,11004.0,62.0,32031.980102598798,232.172390572391,2.0,2.6463,2.76383898297229,17.6,60.7451595380732,Kuwait,KWT,Asia
107,3.5234608783776307,0.0219768195988342,0.33734406794656285,0.3829787234042553,22606.0,141.0,6415851.0,7626.0,54.0,1309.3929916551199,32.965589155370196,4.5,2.213,4.60029458294692,15.4,22.737768057102,Kyrgyzstan,KGZ,Asia
108,0.0002789611931504984,0.19507152310876968,0.3641250119682937,0.35531785779055003,2.0,0.0,7169456.0,0.0,0.0,2534.89827724281,30.5957842287695,1.5,0.3726,4.16398457065425,16.6,25.1095383439169,Laos,LAO,Asia
109,4.603201720028667,0.04531325522092035,0.5150486535415252,0.5977011494252874,8838.0,87.0,1919968.0,4552.0,52.0,17836.364886595802,30.993470569314898,5.8,3.1905,20.3365110033182,9.3,13.4264575158321,Latvia,LVA,Europe
110,12.748061506111185,0.0942280368084468,0.28305319404556223,0.2801857585139319,87397.0,646.0,6855709.0,24738.0,181.0,7784.3168569297595,669.4941348973609,2.9,2.1038,7.27329163283236,18.1,30.621110507606602,Lebanon,LBN,Asia
111,0.4587658868273963,0.00611687849103195,0.0964102564102564,0.07692307692307693,975.0,13.0,2125267.0,94.0,1.0,1157.5351643314698,69.437812911726,1.3,0.0692,4.925825825260629,28.9,28.0286535158261,Lesotho,LSO,Africa
112,0.03929214193617903,0.11210040118956396,0.3711340206185567,0.17763285964570763,194.0,0.0,4937374.0,72.0,0.0,621.892953622715,50.030907392026606,0.8,0.0376,3.28569397416521,35.9,17.9841124551525,Liberia,LBR,Africa
113,8.73558252635614,0.11257916506392593,0.20268558398783887,0.19397116644823068,59205.0,763.0,6777453.0,12000.0,148.0,7683.750611229591,3.7956323811905404,3.7,2.0905,4.45823887797361,26.1,54.254681793931894,Libya,LBY,Africa
114,22.46078482463912,0.07816978477252592,0.5185614849187935,0.6666666666666666,862.0,3.0,38378.0,447.0,2.0,173356.051288416,236.9375,10.05000009535,4.47785,16.966736287556703,0.0,11.62426932698385,Liechtenstein,LIE,Europe
115,10.920182779659463,0.06441952283743661,0.6411693376593584,0.6055555555555555,30513.0,180.0,2794184.0,19564.0,109.0,19455.4541266341,44.7230757742448,7.3,6.3528,20.1584127130225,8.0,11.853282358745599,Lithuania,LTU,Europe
116,31.4484259497568,0.15474984280673862,0.4556614523982182,0.7052631578947368,19306.0,95.0,613894.0,8797.0,67.0,114704.59417086301,250.18518518518502,4.8,3.009,14.274948881732099,6.3,10.364637400443302,Luxembourg,LUX,Europe
117,0.0886192622086753,0.002150592974101744,0.1108786610878661,0.08620689655172414,2390.0,58.0,26969306.0,265.0,5.0,522.21980923047,45.1398556204881,0.2,0.1812,3.0440641281587304,28.6,22.5422828750867,Madagascar,MDG,Africa
118,0.02297524111790867,0.0005904851689182135,0.09579439252336447,0.09090909090909093,428.0,11.0,18628749.0,41.0,1.0,411.552340423602,192.440761561307,1.3,0.0358,2.6420241790819303,31.0,23.5659214726087,Malawi,MWI,Africa
119,1.1541547269686194,0.005633840023168854,0.4151864406779661,0.31666666666666665,36875.0,180.0,31949789.0,15310.0,57.0,11414.837661866799,95.9628214883579,1.9,1.5358,6.92077130929584,23.6,16.0358087060705,Malaysia,MYS,Asia
120,8.450778499953858,0.0263674836192008,0.11388455538221527,0.35714285714285715,4487.0,14.0,530957.0,511.0,5.0,10790.50023682,1718.9866666666699,4.3,4.5627,3.64100023919255,0.9,7.795820798900309,Maldives,MDV,Asia
121,0.05254851924834965,0.000661307599446801,0.2526621490803485,0.2307692307692308,1033.0,13.0,19658023.0,261.0,3.0,890.737285506382,15.635015858186,0.1,0.1286,2.49512781824385,23.1,38.5266061638458,Mali,MLI,Africa
122,12.263984650264712,0.1701924187381853,0.3262844870312242,0.4047619047619048,6053.0,84.0,493559.0,1975.0,34.0,29416.230607008398,1514.46875,4.7,2.8598,20.817172753944398,6.1,13.9095433663149,Malta,MLT,Europe
123,0.017009406201629503,0.09740274506454859,0.5208333333333333,0.6428571428571428,1.0,0.0,58791.0,0.0,0.0,3788.1635937205797,324.516666666667,2.7,0.4233,8.430223005575826,5.7,10.2413322193799,Marshall_Islands,MHL,Oceania
124,0.1906888175039519,0.0013257623464932927,0.2410196987253766,0.3333333333333333,863.0,6.0,4525698.0,208.0,2.0,1677.9192526863299,4.27216357815077,0.4,0.1865,3.15624381310632,24.7,47.4229917763898,Mauritania,MRT,Africa
125,0.09766317232036673,0.006776029097524221,0.2338709677419355,0.71875,124.0,0.0,1269670.0,29.0,0.0,11203.5405848607,623.30197044335,3.4,2.5331,11.99872722633,13.7,14.457827322358199,Mauritius,MUS,Africa
126,2.836053299845615,0.26730047891864905,0.2333870446172173,0.20439283305474912,361811.0,34101.0,127575529.0,84442.0,6970.0,9863.0726988757,64.9146264050001,1.5,2.3827,7.416660604244879,13.1,20.9211157874081,Mexico,MEX,America
127,12.878723049580314,0.2507878547448617,0.2606199108926102,0.2366863905325444,52072.0,1014.0,4043258.0,13571.0,240.0,4498.52085021233,94.01888041244301,5.8,3.2066,12.013119107018301,9.7,16.2510327081515,Moldova,MDA,Europe
128,12.513223515188153,0.07256420842278101,0.4589371980676328,0.6428571428571428,414.0,0.0,33085.0,190.0,0.0,185829.01796040699,19196.0,13.8,7.5067,8.430223005575826,0.0,10.9769902949729,Monaco,MCO,Europe
129,0.03937781807200001,0.19449744775622282,0.6456692913385826,0.4049407114624506,127.0,0.0,3225166.0,82.0,0.0,4295.23502487944,2.0406086665465097,7.0,2.8592,4.18933345157011,16.5,40.112849047047604,Mongolia,MNG,Asia
130,35.192274929200785,0.4612798184454066,0.3936792108147607,0.3170731707317073,21896.0,287.0,622182.0,8620.0,91.0,8832.03683598629,46.262230483271395,4.0,2.7557,15.3891720688486,10.7,20.7818135501738,Montenegro,MNE,Europe
131,8.885516960315554,0.07256420842278101,0.5071428571428571,0.8333333333333333,0.0,0.0,4991.0,0.0,0.0,117155.01563230884,9697.34,8.8,6.80805,8.430223005575826,0.0,10.747580294150922,Montserrat,MSF,America
132,6.218837881335388,0.0983226312649626,0.32148651746821155,0.2989403234802008,226812.0,3586.0,36471766.0,72917.0,1072.0,3204.0950031329803,80.72851893345279,1.1,0.7308,7.30045477092159,19.6,32.5935414574286,Morocco,MAR,Africa
133,0.3464066753774932,0.002865042376446612,0.14858826884684856,0.2183908045977012,10519.0,87.0,30366043.0,1563.0,19.0,491.80472306373497,37.508535313716,0.7,0.0838,2.8784461692662204,30.1,21.298695459134102,Mozambique,MOZ,Africa
134,1.2438426329615857,0.028605568108988032,0.24567118886112105,0.21539456662354464,67224.0,1546.0,54045422.0,16515.0,333.0,1407.81314341043,82.23861548355491,0.9,0.677,6.01170459957569,19.9,35.5574529190767,Myanmar,MMR,Asia
135,2.438942259124386,0.02645795350134936,0.08908612754766601,0.07575757575757576,6084.0,66.0,2494524.0,542.0,5.0,4957.4580058496995,2.9737455817512704,2.7,0.4182,3.60805442307769,30.4,25.358765398457304,Namibia,NAM,Africa
136,5.9330871729121695,0.034744657353537205,0.2360343588353816,0.29678068410462777,169738.0,994.0,28608715.0,40064.0,295.0,1071.0507605655198,195.939107080572,0.3,0.7486,5.782567616645419,15.9,99.7343737198505,Nepal,NPL,Asia
137,21.516751115008002,0.12828255352064438,0.2714841228862785,0.4948128101037438,371856.0,2217.0,17282163.0,100953.0,1097.0,52447.831439191104,511.47592757494795,4.7,3.6054,19.6053197232518,3.8,12.034408072923698,Netherlands,NLD,Europe
138,0.024756239456494446,0.09721021547062943,0.2857142857142857,0.6597484276729559,7.0,0.0,282757.0,2.0,0.0,12579.595105586399,15.5393873085339,3.75,1.982,9.42670203359859,10.75,17.36647641718575,New_Caledonia,NCL,Oceania
139,0.05394034198176816,0.0006272132788577693,0.17054263565891473,0.42412935323383083,258.0,3.0,4783062.0,44.0,0.0,42084.3533748088,18.3851733697923,2.8,3.5898,15.9939561741085,7.8,5.956001129415621,New_Zealand,NZL,Oceania
140,0.17829034682284922,0.003208309582930449,0.12596401028277635,0.09523809523809523,1167.0,21.0,6545503.0,147.0,2.0,1912.9037453786898,53.7270483629716,0.9,0.9775,5.457992373999731,15.3,17.614180448958102,Nicaragua,NIC,America
141,0.005362339960427647,4.2898719683421176e-05,0.648,1.0,125.0,1.0,23310719.0,81.0,1.0,554.6009686974251,17.717650588142398,0.3,0.0433,2.5967114264834903,26.2,94.05381767742821,Niger,NER,Africa
142,0.05538813911492222,0.0007464038152222022,0.20707932800287485,0.12666666666666668,11131.0,150.0,200963603.0,2305.0,19.0,2229.85869624463,215.06498896538102,0.5,0.3806,2.74308333819201,21.4,71.7981743753326,Nigeria,NGA,Africa
143,15.470851154380176,0.335558837859125,0.4858876614283492,0.42898134863701576,32135.0,697.0,2077132.0,15614.0,299.0,6093.14769049676,82.59151467089609,4.4,2.8736,14.085422367322801,6.4,29.7269445083568,North_Macedonia,MKD,Europe
144,0.7690559837799101,0.12184177517779918,0.18181818181818185,0.6428571428571428,44.0,0.0,57213.0,8.0,0.0,23258.675855279398,123.65652173913,2.5,0.445,8.430223005575826,8.3,9.892981129325142,Northern_Mariana_Islands,MNP,Oceania
145,3.131069109112025,0.005630406597935668,0.4593298567403944,0.4,16683.0,30.0,5328212.0,7663.0,12.0,75419.63486880889,14.5482916341657,3.9,2.9164,17.272665921403,2.7,6.95651980294718,Norway,NOR,Europe
146,6.813679298378772,0.13045247107935048,0.14773732963596672,0.18181818181818185,33898.0,649.0,4974992.0,5008.0,118.0,15474.032475363501,15.6041453957997,1.6,2.0031,2.44858980507684,16.1,41.1152382655137,Oman,OMN,Asia
147,0.2819241827166628,0.0039110602368522375,0.3916304970927852,0.3955135773317591,61055.0,847.0,216565317.0,23911.0,335.0,1284.70204090039,275.28931870070596,0.6,0.9801,4.32240770888347,14.3,58.2824187715197,Pakistan,PAK,Asia
148,9.091179185381202,0.09374833129977746,0.2121580144412304,0.1734475374732334,45287.0,467.0,4981422.0,9608.0,81.0,3198.86664447405,758.984551495017,1.2000000477,0.8370000000000001,3.1734124004801805,26.0,33.2256303758951,Palestine,PSE,Asia
149,12.538502840025997,0.2053484801386573,0.23367891217789802,0.20527522935779816,53244.0,872.0,4246440.0,12442.0,179.0,15731.0160348471,56.1860774818402,2.3,1.5687,8.31383660521204,14.3,11.400054332155399,Panama,PAN,America
150,0.016066327268351763,0.00022789116692697534,0.07801418439716312,0.36435582487712065,141.0,2.0,8776119.0,11.0,0.0,2845.1801857484197,19.004363379410897,5.35,0.0699,3.50942541848557,14.2,12.294418256373902,Papua_New_Guinea,PNG,Oceania
151,7.646949687556736,0.17900136543547512,0.15721180620011138,0.14432989690721648,53870.0,1261.0,7044639.0,8469.0,182.0,5414.79913793258,17.5083589227284,1.3,1.3544,6.6208246955556,22.7,11.909080848817101,Paraguay,PRY,America
152,8.85047404124863,0.196521353649173,0.1206639488692642,0.1198935670683988,287733.0,6389.0,32510462.0,34719.0,766.0,6977.695783553821,24.99160625,1.6,1.3048,8.393478860476039,13.5,24.786728048654,Peru,PER,America
153,1.7475666230119546,0.039503638950169936,0.14503998602738422,0.14188714586747833,188941.0,4271.0,108116622.0,27404.0,606.0,3485.0842183662103,357.688305329175,1.0,0.6004,5.31499621959123,12.3,18.069798913274102,Philippines,PHL,Asia
154,16.439340863141766,0.2109930652488944,0.5611295510758545,0.5858711932101848,624248.0,8012.0,37972812.0,350284.0,4694.0,15595.227033425901,124.023482151605,6.5,2.3788,18.1168972529604,9.7,20.8778222190899,Poland,POL,Europe
155,14.936627491323266,0.14460011499893394,0.4820518834121617,0.5632570659488559,153498.0,1486.0,10276617.0,73994.0,837.0,23145.0408172828,112.26194121729999,3.4,5.124,22.356690719620104,7.4,8.16075224791735,Portugal,PRT,Europe
156,15.019751796888528,0.16601872773065013,0.2533875031208153,0.20739219712525667,44059.0,487.0,2933404.0,11164.0,101.0,32873.7192730424,360.017361894025,3.3199999332,2.8542,19.6970895286302,15.350000000000001,8.34903333944518,Puerto_Rico,PRI,America
157,6.076825051349348,0.013064644212662749,0.2,0.054054054054054064,17210.0,37.0,2832071.0,3442.0,2.0,64781.73319741691,239.59319552110298,1.2,2.4852,1.52316311725676,9.3,91.18732793231639,Qatar,QAT,Asia
158,13.72173253561856,0.2696444062461079,0.4414376876876877,0.3717287488061127,266400.0,5235.0,19414458.0,117599.0,1946.0,12919.529644190801,84.633801286509,6.3,2.9807,18.79006578875,10.3,14.611340188661098,Romania,ROU,Europe
159,6.25840032916471,0.10790948189875167,0.3322029034084872,0.32894987611968746,912927.0,15741.0,145872260.0,303277.0,5178.0,11584.995382610401,8.822067953155882,8.2,4.0139,15.094125232422499,18.0,16.1602238064949,Russia,RUS,Europe
160,0.10881497953027093,0.0020590898601070187,0.1892285298398836,0.2692307692307692,1374.0,26.0,12626938.0,260.0,7.0,801.6561869788071,498.659870287799,1.6,0.134,3.02825306190331,29.7,43.2102171630293,Rwanda,RWA,Africa
161,0.03785441193171064,0.12184177517779918,0.2191699604743083,0.6428571428571428,2.0,0.0,52834.0,0.0,0.0,19896.4957043824,201.69615384615398,2.3,2.6758,8.430223005575826,8.3,10.067156674352521,Saint_Kitts_and_Nevis,KNA,America
162,0.7440028447167593,0.010941218304658223,0.6176470588235294,1.0,136.0,2.0,182795.0,84.0,2.0,11611.4154473966,298.17868852459,1.3,0.6409,10.035012856283199,35.4,22.400817124629803,Saint_Lucia,LCA,America
163,0.16275894496035012,0.165058233294588,0.2222222222222222,0.6029411764705882,18.0,0.0,110593.0,4.0,0.0,7463.5378309342295,282.589743589744,2.6,0.6648,9.740570942860499,8.2,22.2005163158424,Saint_Vincent_and_the_Grenadines,VCT,America
164,15.760601399007347,0.09740274506454859,0.5985267034990792,0.6428571428571428,543.0,0.0,34453.0,325.0,0.0,48481.013304210705,563.083333333333,3.8,6.1094,8.430223005575826,0.0,10.747580294150922,San_Marino,SMR,Europe
165,0.3162084743871136,0.004650124623339906,0.2794117647058824,0.5843373493975903,68.0,1.0,215048.0,19.0,0.0,1994.90646719089,219.820833333333,2.9,0.0531,2.96015921434417,27.5,28.539584356814604,Sao_Tome_and_Principe,STP,Africa
166,1.1126535370105906,0.05168007065608215,0.15919641217970573,0.14568040654997175,38129.0,1771.0,34268529.0,6070.0,258.0,23139.798656121402,15.6766543082956,2.7,2.6117,3.4128865996228397,28.8,87.94544667781521,Saudi_Arabia,SAU,Asia
167,0.13641081365276495,0.00263862572517719,0.07827260458839408,0.09302325581395347,2223.0,43.0,16296362.0,174.0,4.0,1446.8309649940802,82.3474783150678,0.3,0.0691,3.09847644542059,23.4,40.6958258953758,Senegal,SEN,Africa
168,7.139960515606216,0.03992093930810981,0.7230144204662015,0.6294964028776978,49721.0,278.0,6963764.0,35949.0,175.0,7402.354558620409,79.8376857992225,5.7,3.1131,18.740503417886103,7.4,24.7263581904237,Serbia,SRB,Europe
169,0.22508466252647305,0.165058233294588,0.2272727272727273,0.6029411764705882,22.0,0.0,97741.0,5.0,0.0,17401.721513561202,210.35217391304298,3.6,2.1212,7.80548194681754,15.9,20.1786493605547,Seychelles,SYC,Africa
170,0.04722772607970069,0.0005119536702406579,0.07046070460704608,0.14567147613762488,369.0,4.0,7813207.0,26.0,0.0,504.46254336647996,105.987170961485,0.4,0.0251,2.94773662314425,27.3,21.6259466795766,Sierra_Leone,SLE,Africa
171,0.2317230391105419,0.00017228478744278202,0.08401486988847584,0.3046218487394958,1345.0,1.0,5804343.0,113.0,0.0,65233.28243923019,7952.9984184018,2.4,2.2936,12.3931294823164,2.8,19.078256499753397,Singapore,SGP,Asia
172,10.851871947911015,0.16513718181603718,0.2565217391304348,0.2857142857142857,460.0,7.0,42389.0,118.0,2.0,100249.1395430531,1193.3529411764698,3.05,4.3926,8.430223005575826,2.85,10.747580294150922,Sint_Maarten,SXM,America
173,14.988016522026465,0.08751617535599544,0.3730643522542263,0.6247379454926625,81691.0,477.0,5450421.0,30476.0,298.0,19329.0968007902,113.28558652246299,5.8,3.4156,16.1723638921146,6.1,17.562911343852697,Slovakia,SVK,Europe
174,24.632035630599717,0.17876811468839565,0.421639971125895,0.739247311827957,51257.0,372.0,2080908.0,21612.0,275.0,25739.2478143246,102.96366052404,4.6,3.0861,20.1862840087865,6.4,16.0239799760869,Slovenia,SVN,Europe
175,0.023886978759997072,0.2710621583166429,0.5,0.19045147898287493,16.0,0.0,669821.0,8.0,0.0,2127.53850760272,23.324687388353,1.4,0.1937,3.63080993038459,17.4,11.879121844916599,Solomon_Islands,SLB,Oceania
176,0.0641718598818124,0.0006475465174754026,0.3632694248234107,0.3,991.0,10.0,15442906.0,360.0,3.0,1086.7631101595366,23.923476902477102,0.9,0.023,2.88920381236561,27.1,32.0345842282344,Somalia,SOM,Africa
177,2.1197007076729237,0.10550175605435863,0.2054364113884279,0.1579799287795403,124126.0,6178.0,58558267.0,25500.0,976.0,6001.40081394888,47.630119776768396,2.8,0.9054,5.41525560779033,25.9,25.102204986367102,South_Africa,ZAF,Africa
178,0.16786620038945196,0.0032991496529616673,0.2366554250494244,0.17159763313609466,8599.0,169.0,51225321.0,2035.0,29.0,31761.977692344703,529.358501289308,11.5,2.3608,15.060176895373699,9.8,25.039425388049104,South_Korea,KOR,Asia
179,0.04375293908560335,0.0010847836136926449,0.2066115702479339,0.08333333333333333,484.0,12.0,11062114.0,100.0,1.0,1119.6513326782301,256.299072426342,2.95,4.328049999999999,3.3768051365955096,29.9,45.577505566415795,South_Sudan,SSD,Africa
180,21.214217507445078,0.2487373516790357,0.2740825100704707,0.4189293361884368,995733.0,11675.0,46937060.0,272913.0,4891.0,29613.6711379783,93.6771974435832,3.0,3.8723,19.647822947821602,4.1,9.697927862849529,Spain,ESP,Europe
181,0.6364269972604235,0.001922740172992216,0.4538353842752929,0.8292682926829268,13571.0,41.0,21323734.0,6159.0,34.0,3853.08369288942,345.558922022006,3.6,1.0041,10.838805756947,14.9,11.0996172423996,Sri_Lanka,LKA,Asia
182,0.028309001722995164,0.006843677809271931,0.5247524752475248,0.9522184300341296,1212.0,293.0,42813237.0,636.0,279.0,441.505603374484,47.379872937540796,0.8,0.2618,3.62731732647738,25.7,55.370834443393704,Sudan,SDN,Africa
183,2.175921068248237,0.08084449818787917,0.057707509881422925,0.06382978723404255,1265.0,47.0,581363.0,73.0,3.0,6854.906561484089,3.69225,3.1,1.2101,7.015129727609861,14.5,24.780010535768398,Suriname,SUR,America
184,9.10257243637334,0.03479897968609561,0.5188196003049795,0.4662921348314607,93121.0,356.0,10230185.0,48313.0,166.0,51610.066055220195,24.981498121823698,2.6,3.984,20.1985696235664,2.8,6.18466509039924,Sweden,SWE,Europe
185,25.078041183555275,0.14418586306766892,0.4781500840022401,0.747564935064935,214280.0,1232.0,8544527.0,102458.0,921.0,81993.7271494202,215.465350480429,4.7,4.2957,18.8379960576695,2.7,10.3031001048906,Switzerland,CHE,Europe
186,0.22905505358716616,0.013590990391872776,0.2378516624040921,0.2413793103448276,3910.0,232.0,17070132.0,930.0,56.0,2032.6234893270102,92.0671077710614,1.5,1.2874,4.691855102493331,26.5,43.757259465451895,Syria,SYR,Asia
187,0.004795178372433175,0.005893719547754357,0.412280701754386,0.6538461538461539,114.0,0.0,23773881.0,47.0,0.0,27730.851439419916,10.482760749257224,2.05,1.86055,9.258956586194445,15.899999999999999,51.302071039453075,Taiwan,CNG1925,Asia
188,0.32432062446364524,0.00182383414352695,0.19715514389679129,0.17647058823529413,3023.0,17.0,9321023.0,596.0,3.0,870.787589323223,65.57271417249079,4.8,2.1026,3.0859612115329,18.1,46.152185368331295,Tajikistan,TJK,Asia
189,0.0066354922050847935,2.872507448088656e-05,0.20346320346320346,0.5,462.0,2.0,69625581.0,94.0,1.0,7808.192916299491,135.897206835131,2.1,0.805,12.4062503348266,32.7,26.2567265583447,Thailand,THA,Asia
190,0.0023199703043801038,0.006776029097524221,0.36583600743117717,0.71875,3.0,0.0,1293120.0,0.0,0.0,1294.18893388776,85.270477471419,5.9,0.7224,4.286535113937701,12.7,19.2572091668723,Timor_Leste,TLS,Asia
191,0.15527644837355034,0.004206692625259531,0.2701195219123506,0.17647058823529413,1255.0,34.0,8082359.0,339.0,6.0,675.542213340634,145.04677330391598,0.7,0.0774,2.88734759103955,29.2,35.7313356081261,Togo,TGO,Africa
192,3.1498907861034904,0.06523442456427347,0.09308147473827948,0.054945054945054944,4394.0,91.0,1394969.0,409.0,5.0,17276.4654468225,270.927485380117,3.0,4.1675,11.118208022664199,12.1,24.1085684320503,Trinidad_and_Tobago,TTO,America
193,6.469072669625894,0.18837559271401166,0.2580960689454622,0.436677258284158,75654.0,2203.0,11694721.0,19526.0,962.0,3317.5410134834497,74.44132337796091,2.3,1.3025,8.593468556191901,22.8,37.6559937453942,Tunisia,TUN,Africa
194,1.737832362619126,0.062094621325366035,0.26595513265828824,0.2437156323644933,142509.0,5092.0,82003882.0,37901.0,1241.0,9042.492982888822,106.960128893104,2.7,1.8492,8.726283826192889,12.3,44.3115256776956,Turkey,TUR,Asia
195,5.576792166308844,0.07854636853956119,0.07981220657276995,0.6428571428571428,213.0,3.0,38194.0,17.0,0.0,27142.2277976902,39.647368421052605,3.05,1.5604,8.430223005575826,2.85,10.067156674352521,Turks_and_Caicos_islands,TCA,America
196,0.2817735796812381,0.0025751313198381547,0.2398589065255732,0.2982456140350877,12474.0,114.0,44269587.0,2992.0,34.0,776.7685758853081,213.06173449032502,0.5,0.168,1.96255018738143,29.0,50.4943213226178,Uganda,UGA,Africa
197,9.230924567897233,0.15868201685411687,0.3606162983683902,0.35338776679558803,406102.0,6981.0,43993643.0,146447.0,2467.0,3659.0313122948705,77.0296708039151,8.8,2.9923,16.7049903897468,13.7,20.3097758188675,Ukraine,UKR,Europe
198,8.131087313006487,0.01494290071998171,0.22187677009251686,0.2602739726027397,79445.0,146.0,9770526.0,17627.0,38.0,43103.3230583165,135.609110109828,1.2,2.5278,1.15654945602229,18.1,40.9175098248731,United_Arab_Emirates,ARE,Asia
199,15.152779613316175,0.15405018600055767,0.3511385904787556,0.5393006720561021,1009889.0,10267.0,66647112.0,354611.0,5537.0,42300.267125825,274.70898193692403,2.8,2.8117,18.5086956390397,3.1,10.472690388894199,United_Kingdom,GBR,Europe
200,8.31913292034218,0.12901056361195823,0.38621627834687833,0.42452548470260965,0.0,0.0,58005461.0,0.0,0.0,1122.12181047515,63.579078798825904,0.7,0.013999999999999999,2.62054110317161,29.2,29.076640512435603,United_Republic_of_Tanzania,TZA,Africa
201,2.8686447565954927,0.08605934269786476,0.24,0.2222222222222222,300.0,9.0,104579.0,72.0,2.0,35938.0243875154,305.648571428571,18.6800003052,2.5386,19.875117137447603,11.9,10.265312284107699,United_States_Virgin_Islands,VIR,America
202,14.914163578246171,0.19002633453021672,0.3784773728291381,0.2541459436119685,4907728.0,62531.0,329064917.0,1857464.0,15892.0,65118.3583328163,35.7136220923495,2.9,2.612,16.2096061428511,12.4,7.40944166188307,United_States_of_America,USA,America
203,0.6852063317455921,0.00577745642281275,0.3688870151770658,0.3,2372.0,20.0,3461731.0,875.0,6.0,16190.1269572827,19.7080276539824,2.8,5.0794,14.9412404303739,13.4,9.27488332030728,Uruguay,URY,America
204,0.8498345219464785,0.008398592977957635,0.10888722394662673,0.11191335740072203,28029.0,277.0,32981715.0,3052.0,31.0,1724.8411344137,77.4708509637988,4.0,2.3742,4.59521572497926,11.5,28.455901201855998,Uzbekistan,UZB,Asia
205,0.003334644960351071,0.09721021547062943,1.0,0.6597484276729559,1.0,0.0,299882.0,1.0,0.0,3058.0656752208,24.0098441345365,1.7,0.1653,3.6160889950047004,15.9,11.6527770296143,Vanuatu,VUT,Oceania
206,1.7735062164947053,0.01623659617260294,0.09594052162220948,0.1101511879049676,50573.0,463.0,28515829.0,4852.0,51.0,16054.490513096202,32.7307919052208,0.8,1.9475,7.6109903731012,33.7,17.0085535697031,Venezuela,VEN,America
207,0.0023325221132426428,3.110029484323523e-05,0.3911111111111111,0.18656775065620926,225.0,3.0,96462108.0,88.0,0.0,2715.27603640721,308.12524591221296,2.6,0.8281,7.55367294178711,26.4,29.6267283386303,Vietnam,VNM,Asia
208,0.00864418369739,0.011059469287521648,1.0,1.0,1.0,0.0,36831.5,0.0,0.0,3161.5309354816945,177.55622544771825,2.1,0.39795,3.39226283691293,11.15,17.6754352816484,Wallis_and_Futuna,,Oceania
209,6.4776786104093595,0.0967924448985423,0.12045294522411229,0.08836650652024708,0.0,0.0,582458.0,0.0,0.0,5229.344177580895,69.31101333746899,2.6,0.9957499999999999,5.856751585872085,19.75,29.779355318417597,Western_Sahara,ESH,Africa
210,0.004080663819072008,0.0013373604112925069,0.07563025210084033,0.07692307692307693,119.0,39.0,29161922.0,9.0,3.0,968.1590475829989,53.9778529083092,0.7,0.5251,2.9021406750899303,21.5,50.45600689327151,Yemen,YEM,Asia
211,0.2839701217745848,0.003527231402168542,0.13446372239747634,0.015873015873015872,5072.0,63.0,17861034.0,682.0,1.0,1291.34335737364,23.341478900711603,2.0,1.1867,2.11531473828777,24.7,27.438034758712,Zambia,ZMB,Africa
212,0.16209787147195587,0.004165109587105858,0.17860151642796968,0.2459016393442623,2374.0,61.0,14645473.0,424.0,15.0,1463.9859101805403,37.3245909267158,1.7,0.2096,2.9806080625078,34.7,22.2516710932407,Zimbabwe,ZWE,Africa
