countriesAndTerritories,casesPer1000,deathsPer1000,NovemberCasesPercent,NovemberDeathsPercent,casesSinceSeptember,deathsSinceSeptember,countryterritoryCode,popData2019,continentExp,casesSinceNovember,deathsSinceNovember,NY.GDP.PCAP.CD,EN.POP.DNST,SH.MED.BEDS.ZS,SH.MED.PHYS.ZS,SP.POP.65UP.TO.ZS,SH.STA.TRAF.P5,EN.ATM.PM25.MC.M3
Afghanistan,0.13348489660979643,0.005651684279461645,0.3574241827491138,0.3767441860465116,5078,215,AFG,38041757.0,Asia,1815,81,502.115486913067,56.937760009803,0.5,0.2782,2.61579421390507,15.1,56.9108083545081
Albania,6.237014952695737,0.11598549063434631,0.3696297541029519,0.3313253012048193,17853,332,ALB,2862427.0,Europe,6599,110,5352.85741103671,104.612262773723,2.9,1.2164,14.2026306207364,13.6,18.2006025215914
Algeria,0.5266293071799274,0.014818925505261486,0.4043576059630397,0.28683385579937304,22673,638,DZA,43053054.0,Africa,9168,183,3948.34327892571,17.7300750711665,1.9,1.7193,6.55277788191286,23.8,38.8840106983002
Andorra,60.398808039171925,0.2888010816913242,0.23038469897848293,,4601,22,AND,76177.0,Europe,1060,0,40886.3911648431,163.842553191489,2.5,3.3333,,7.6,10.3076213949548
Angola,0.3331940416333559,0.006598524023293544,0.279045643153527,0.2,10604,210,AGO,31825299.0,Africa,2959,42,2973.59115979868,24.7130520574316,0.8,0.2146,2.19934175001363,23.6,32.3885049076425
Anguilla,,,,,0,0,AIA,14872.0,America,0,0,,,,,,,
Antigua_and_Barbuda,0.4118828193378984,0.01029707048344746,0.175,1.0,40,1,ATG,97115.0,America,7,1,17790.309306815,218.831818181818,3.8,2.956,9.05496406433411,7.9,18.6223428464755
Argentina,20.178458676650138,0.6008395362508493,0.16341764377133813,0.16780643722589758,903605,26906,ARG,44780675.0,America,147665,4515,10006.1489736082,16.2585100979651,5.0,3.9901,11.2431082719004,14.0,13.311833946835
Armenia,24.879569723787988,0.29955425245323436,0.37403345699648033,0.4762979683972912,73587,886,ARM,2957728.0,Europe,27524,422,4622.73349328671,103.680224798033,4.2,4.4023,11.4836677169087,17.1,32.5281183420597
Aruba,25.030570971686576,0.3198193961057285,0.06989853438556934,0.20588235294117646,2661,34,ABW,106310.0,America,186,7,29007.6930034887,588.027777777778,,,14.0583554376658,,
Australia,0.08098178009141696,0.011744540375825292,0.06320431161195493,,2041,296,AUS,25203200.0,Oceania,129,0,54907.1019101424,3.24787091037205,3.8,3.6778,15.9212017459054,5.6,8.55032440147794
Austria,19.302668822720975,0.101142652341887,0.5659305956794817,0.6138392857142857,170998,896,AUT,8858775.0,Europe,96773,550,50277.2750874213,107.127966860564,7.6,5.1697,19.0756062856682,5.2,12.4779667308248
Azerbaijan,3.6943708318276016,0.04130290665971053,0.5187230603448276,0.5493975903614458,37120,415,AZE,10047719.0,Europe,19255,228,4793.58701966989,120.23431716463,4.7,3.446,6.4463891203953,8.7,19.9286636166698
Bahamas,12.827161951905845,0.28755847450229277,0.10388310648518816,0.11607142857142858,4996,112,BHS,389486.0,America,519,13,32933.4860147581,38.5254745254745,2.9,2.0068,7.48327265444873,13.8,17.3677204858567
Bahrain,20.076604166311228,0.08774260220185186,0.09277975052353638,0.09722222222222222,32949,144,BHR,1641164.0,Asia,3057,14,23503.977126673,2017.27369979138,2.0,0.9257,2.51880972865733,8.0,70.8162076823101
Bangladesh,0.7339884021687525,0.011806471532453571,0.20164780988351688,0.13922077922077922,119674,1925,BGD,163046173.0,Asia,24132,268,1855.73982408046,1239.57931166936,0.8,0.5809,5.18035134847486,15.3,60.8457845768598
Barbados,0.2647889875653698,,0.17105263157894737,,76,0,BRB,287021.0,America,13,0,18148.2449264001,666.606976744186,5.8,2.4843,16.2309903318526,5.6,23.0801758047572
Belarus,4.356878759689726,0.03840290871882501,0.37323652963601484,0.17079889807162535,41183,363,BLR,9452409.0,Europe,15371,62,6663.29529282582,46.7195037884204,11.0,5.1905,15.2008413514816,8.9,18.7655799063811
Belgium,38.914256089139215,0.3845308099964742,0.1993705457588109,0.596594778660613,445783,4405,BEL,11455519.0,Europe,88876,2628,46116.69923368,377.379590488771,6.2,3.0709,19.0065660669321,5.8,12.8865184713072
Belize,9.70664863161616,0.1921347710137799,0.34864080232251254,0.4,3789,75,BLZ,390351.0,America,1321,30,4815.1637107951,16.7939938623411,1.3,1.1229,4.86738926048986,28.3,23.0118921090113
Benin,0.059231510553504486,0.00025421249164594203,0.2875536480686695,0.6666666666666666,699,3,BEN,11801151.0,Africa,201,2,1219.43267185875,101.853919829727,0.5,0.0791,3.26488492520772,27.5,38.9999587632257
Bermuda,0.8478914698918538,,0.4339622641509434,,53,0,BMU,62508.0,America,23,0,85748.0654143782,1183.70368279874,6.3000001907,,,,11.646359194991
Bhutan,0.1978786361837467,,0.17880794701986755,,151,0,BTN,763094.0,Asia,27,0,3243.23112593497,19.7775277714448,1.7,0.4242,6.09297437268377,17.4,37.926503204094
Bolivia,2.3636549037783214,0.3365730625855655,0.0569580715099401,0.03251612903225806,27213,3875,BOL,11513102.0,America,1550,126,3552.0687621416,10.4801458506416,1.1,1.5901,7.33863164569056,15.5,21.5689865956858
"Bonaire, Saint Eustatius and Saba",5.388138398183428,0.11546010853250202,0.014285714285714285,,140,3,BES,25983.0,America,2,0,,,,,,,
Bosnia_and_Herzegovina,15.483499232656305,0.3832174390896329,0.44505096750210327,0.5098814229249012,51111,1265,BIH,3300998.0,Europe,22747,645,6073.26520283208,64.92048828125,3.5,2.1616,17.2011511663132,15.7,27.7476689647337
Botswana,2.8614799737639793,0.009115758411566074,0.24013956310679613,0.14285714285714285,6592,21,BWA,2303703.0,Africa,1583,3,7961.33814014048,3.97742487604327,1.8,0.5269,4.36589534127101,23.8,23.094386181065
Brazil,9.413184211047644,0.2124146039868492,0.16726717566473778,0.13787642203881328,1986648,44830,BRA,211049519.0,America,332301,6181,8717.18627810819,25.0617162430876,2.2,2.1643,9.25160803606065,19.7,12.7066294740724
British_Virgin_Islands,1.1653847434488729,,,,35,0,VGB,30033.0,America,0,0,,198.68,,,,,
Brunei_Darussalam,0.009231564565562572,,,,4,0,BRN,433296.0,Asia,0,0,31086.7510792939,81.3969639468691,2.7,1.609,5.20881175208004,8.0,5.90306546792381
Bulgaria,11.606363907401088,0.21114168078206422,0.5710382177364761,0.5663058186738836,81245,1478,BGR,7000039.0,Europe,46394,837,9737.60135083347,64.7110998526161,6.8,4.0332,21.252967270985,10.2,19.1491323370921
Burkina_Faso,0.062348118727942874,0.0006397202395132261,0.12470402525651145,0.07692307692307693,1267,13,BFA,20321383.0,Africa,158,1,774.8396902346,72.1912828947368,0.4,0.0847,2.40728753729201,30.5,42.9355925055958
Burundi,0.01578411904278511,,0.24725274725274726,,182,0,BDI,11530577.0,Africa,45,0,261.247472515742,435.178271028037,0.8,0.1001,2.31209531524,34.7,38.8962679482295
Cambodia,0.0016983549370146876,,0.42857142857142855,,28,0,KHM,16486542.0,Asia,12,0,1643.12138876475,92.0564128710628,0.8,0.1927,4.7177691962329,17.8,25.6142918675755
Cameroon,0.12671784511493048,0.0008501959721038335,0.1915218054284843,0.3181818181818182,3279,22,CMR,25876387.0,Africa,628,7,1497.90917560296,53.3439889149796,1.3,0.0881,2.72364990775371,30.1,72.7930962237353
Canada,4.3834923799761984,0.04741916008852788,0.3654590800714673,0.44024802705749716,163991,1774,CAN,37411038.0,America,59932,781,46194.7252255167,4.07518823864492,2.7,2.6102,17.6478968899213,5.8,6.42838313258525
Cape_Verde,10.779436152570481,0.11274039160920545,0.18319838056680163,0.11290322580645161,5928,62,CPV,549936.0,Africa,1086,7,3603.7817936777,134.929776674938,2.1,0.7814,4.69837344413431,25.0,34.7787001010668
Cayman_Islands,0.7544497136170475,,0.2857142857142857,,49,0,CYM,64948.0,America,14,0,85477.2870130687,267.391666666667,,,,,
Central_African_Republic,0.04130508037736827,0.00042148041201396197,0.15306122448979592,0.5,196,2,CAF,4745179.0,Africa,30,1,467.907440636335,7.49041221227006,1.0,0.0721,2.81479015043671,33.6,56.8284973827312
Chad,0.03630803814814708,0.001442288216593062,0.18652849740932642,0.08695652173913043,579,23,TCD,15946882.0,Africa,108,2,709.540310138533,12.2917336404066,0.4,0.0434,2.4916416230991,27.6,66.0292054967769
Chile,6.316049965082906,0.18641797569495833,0.17631284356151108,0.1752052080384942,119702,3533,CHL,18952035.0,America,21105,619,14896.4538665789,25.1894460666519,2.2,2.5912,11.8815401277688,12.5,21.0362990619754
China,0.0012093874478243125,1.1856739684552083e-05,0.1903114186851211,,1734,17,CHN,1433783692.0,Asia,330,0,10261.6791283744,148.348833270666,4.2,1.9798,11.4721930236832,18.2,52.6645958291981
Colombia,11.582686761154667,0.2873492263313283,0.21927706297400296,0.1862426546837193,583066,14465,COL,50339443.0,America,127853,2694,6432.38758339551,44.7487021180712,1.5,2.1848,8.76583000729666,18.5,16.5272102219124
Comoros,0.18333723120822762,,0.2692307692307692,,156,0,COM,850891.0,Africa,42,0,1393.52237156461,447.244477540227,2.2,0.2715,3.05540342654598,26.5,20.5468245996681
Congo,0.26019867283808357,0.002601986728380836,0.06357142857142857,,1400,14,COG,5380504.0,Africa,89,0,2011.07239887663,15.3568462664715,1.6,0.1645,2.7214158960455,27.4,46.6382202758892
Costa_Rica,16.547397842244997,0.22347426806729032,0.17189071404626216,0.1551418439716312,83524,1128,CRI,5047561.0,America,14357,175,12238.3749643984,97.9130630630631,1.2,2.8939,9.88043532311942,16.7,15.7259203021082
Cote_dIvoire,0.11653971990181888,0.0005055109638717535,0.08441775108441775,0.3076923076923077,2997,13,CIV,25716554.0,Africa,253,4,2286.162776855,78.8340534591195,0.4,0.2314,2.87311934294126,23.6,25.8862663364222
Croatia,17.59486547180911,0.201656131646618,0.49214316587889184,0.5778588807785888,71721,822,HRV,4076246.0,Europe,35297,475,14853.2398374635,73.0493745532523,5.6,2.9996,20.8601352345977,8.1,17.9017722884016
Cuba,0.317201665436683,0.0032646624815458334,0.2133518776077886,0.08108108108108109,3595,37,CUB,11333484.0,America,767,3,8821.81889125004,108.999596231494,5.2,8.4218,15.5649591568629,8.5,19.7060474004201
CuraÃ§ao,7.648862155265783,0.006119089724212627,0.2904,1.0,1250,1,CUW,163423.0,America,363,1,19573.892645136,360.754504504505,,,17.1688368905424,,
Cyprus,6.3523305769272485,0.020550314591065866,0.5093457943925234,0.7777777777777778,5564,18,CYP,875899.0,Europe,2834,14,27858.3709958327,128.708333333333,3.4,1.9509,14.0482656487913,5.1,17.2944061994662
Czechia,40.73898101372796,0.5291179177073748,0.3101354808671882,0.5288376220053239,433862,5635,CZE,10649800.0,Europe,134556,2980,23101.7777049854,137.657705257705,6.5,4.1208,19.8007448446372,5.9,16.0712453523646
Democratic_Republic_of_the_Congo,0.019760211731763296,0.000702841350225983,0.26472303206997083,0.19672131147540983,1715,61,COD,86790568.0,Africa,454,12,545.216212311342,37.0825923557045,0.8,0.074,3.01693961741257,33.7,44.9092635986842
Denmark,7.64336563682112,0.02290701765958828,0.35722655369777817,0.2857142857142857,44378,133,DNK,5806081.0,Europe,15853,38,59822.0929608968,137.976565849012,2.5,4.0099,19.965259128921,4.0,10.0296534385694
Djibouti,0.2670619183057592,0.00102716122425292,0.33076923076923076,,260,1,DJI,973557.0,Africa,86,0,3408.84625440838,41.3684210526316,1.4,0.2237,4.60906364271334,24.7,45.5496175977411
Dominica,0.6684491978609626,,0.5416666666666666,,48,0,DMA,71808.0,America,26,0,8300.37507427213,95.5,3.8,1.1189,,10.9,19.4931537608634
Dominican_Republic,3.630147694976337,0.05596446656784267,0.17681612969423352,0.07653910149750416,38984,601,DOM,10738957.0,America,6893,46,8282.1162218645,219.97857586421,1.6,1.56,7.29838965754406,34.6,13.726321150433
Ecuador,3.7976460569009736,0.37079125022440584,0.18915109352975948,0.05665942253958398,65979,6442,ECU,17373657.0,America,12480,365,6183.82382482173,68.7886817522951,1.5,2.0368,7.37219936706493,21.3,14.8861006610676
Egypt,0.11774306741370359,0.010389680144880953,0.2682741116751269,0.17641418983700863,11820,1043,EGY,100388076.0,Africa,3171,184,3020.03134971543,98.8734692852479,1.6,0.4521,5.27633297632877,9.7,86.9994520503272
El_Salvador,1.647000488103447,0.05066978639663441,0.27406152977702514,0.21100917431192662,10629,327,SLV,6453550.0,America,2913,69,4187.2500311069,309.881467181467,1.3,1.5662,8.46958256947762,22.2,24.4722922946922
Equatorial_Guinea,0.12020808535806522,0.0014749458326142972,0.09815950920245399,1.0,163,2,GNQ,1355982.0,Africa,16,2,8131.92388810912,46.6657397504456,2.1,0.4017,2.42450880761306,24.6,53.2406210371101
Eritrea,0.0500412196675147,,0.18285714285714286,,175,0,ERI,3497117.0,Africa,32,0,642.507659063694,31.8215049504951,0.7,0.0628,4.08385636215873,25.3,48.0301986806015
Estonia,3.604263220663939,0.012077112362434143,0.49780104712041884,0.4375,4775,16,EST,1324820.0,Europe,2377,7,23659.8722900339,30.4112491373361,5.0,4.4833,19.9918077800442,6.1,6.73212401545877
Eswatini,1.3343401853269612,0.024387418530779973,0.12010443864229765,0.07142857142857142,1532,28,SWZ,1148133.0,Africa,184,2,3837.02699384472,66.0576162790698,2.1,0.3285,4.01478926602388,26.9,17.1687873115117
Ethiopia,0.45681282586302036,0.006888015421517056,0.12758061680892205,0.13082901554404144,51199,772,ETH,112078727.0,Africa,6532,101,857.501351042922,109.224559,0.3,0.0769,3.51669045500426,26.7,38.9787377576037
Falkland_Islands_(Malvinas),0.5931198102016608,,1.0,,2,0,FLK,3372.0,America,2,0,,,,,,,
Faroe_Islands,1.7667481562134066,,0.03488372093023256,,86,0,FRO,48677.0,Europe,3,0,58622.840815806,34.7399698278226,,,,,
Fiji,0.007865566236495104,,0.14285714285714285,,7,0,FJI,889955.0,Oceania,1,0,6220.04642089247,48.3570333880679,2.3,0.86,5.62422959414711,9.6,10.8401599042944
Finland,1.9980358537339893,0.006161743222399604,0.2895238095238095,0.3235294117647059,11025,34,FIN,5517919.0,Europe,3192,11,48685.8539866945,18.1485472672831,4.4,3.8118,22.1406446239043,4.7,5.86133100081928
France,25.019905500857202,0.20354295158439908,0.37134331669704457,0.5631231671554252,1676656,13640,FRA,67012883.0,Europe,622615,7681,40493.9285720456,122.299437237519,6.5,3.2672,20.3913702817859,5.5,11.8149636162893
French_Polynesia,40.410333530264786,0.18977030631791897,0.3937621832358674,0.4528301886792453,11286,53,PYF,279285.0,Oceania,4444,24,14323.820820245,75.8685792349727,,1.697,8.68067615033997,,
Gabon,0.2563774465174553,0.0023014133439627944,0.1687612208258528,0.6,557,5,GAB,2172578.0,Africa,94,3,7667.36686126914,8.22476423332169,6.3,0.6819,3.54472725732873,23.2,44.3855484644179
Gambia,0.31307290211339117,0.011074687693807036,0.0380952380952381,0.11538461538461539,735,26,GMB,2347696.0,Africa,28,3,751.294688388742,225.30652173913,1.1,0.1021,2.56092543103779,29.7,33.9826385538147
Georgia,19.563586723452634,0.17113853664541445,0.5210574106994411,0.5789473684210527,78191,684,GEO,3996762.0,Europe,40742,396,4769.18654326351,65.0477623429791,2.6,7.1201,15.0610556287397,15.3,22.1960546181194
Germany,6.602351193090689,0.03838870407022529,0.4957837853616531,0.637903984938814,548122,3187,DEU,83019213.0,Europe,271750,2033,46258.8782897052,237.30759674834,8.3,4.2488,21.5629923209089,4.1,12.028767360745
Ghana,0.19110484374014763,0.0014465186864900217,0.3376913813865474,,5813,44,GHA,30417858.0,Africa,1963,0,2202.11556738065,130.821429199262,0.9,0.1359,3.09732217813116,24.9,34.713514102152
Gibraltar,17.860321604462115,0.02966830831305999,0.3222591362126246,1.0,602,1,GIB,33706.0,Europe,194,1,,3371.8,,,,,
Greece,5.816161518020394,0.0720772869922689,0.566147236116455,0.536869340232859,62376,773,GRC,10724599.0,Europe,35314,415,19582.5360108329,83.2651823118697,4.3,5.4789,21.9414701261427,9.2,16.2182663806558
Greenland,0.05294740557712672,,,,3,0,GRL,56660.0,America,0,0,54470.9563864255,0.136491655500061,,,,,11.6021794589767
Grenada,0.07142729594114391,,0.5,,8,0,GRD,112002.0,America,4,0,10965.5131592044,327.805882352941,3.7,1.4067,9.67741935483871,9.3,22.722687475907
Guam,27.60393317194178,0.49612959144027025,0.27804244261585104,0.1686746987951807,4618,83,GUM,167295.0,Oceania,1284,14,35712.5621350321,306.977777777778,,1.084,10.1898454218322,,11.6344068102394
Guatemala,2.3210224215532302,0.0671160942346365,0.18085132452765457,0.17457627118644067,40807,1180,GTM,17581476.0,America,7380,206,4619.98709708493,152.547125793206,0.6,0.3549,4.92898433077731,16.6,24.0706489340746
Guernsey,0.46534714897313395,,0.5,,30,0,GGY,64468.0,Europe,15,0,,,,,,,
Guinea,0.251659078526872,0.0011745134343195645,0.15961418792781581,0.13333333333333333,3214,15,GIN,12771246.0,Africa,513,2,1064.13123736656,50.5222122741332,0.3,0.0832,2.94190559010452,28.2,26.062490198745
Guinea_Bissau,0.11140512578107227,0.004685262299203973,0.07476635514018691,0.2222222222222222,214,9,GNB,1920917.0,Africa,16,2,697.784402885715,66.6539473684211,1.0,0.1274,2.86326045513561,31.1,29.774702280636
Guyana,4.547922455367123,0.12902813707642682,0.18286516853932586,0.13861386138613863,3560,101,GUY,782775.0,America,651,14,5468.35662903592,3.95734823469647,1.6,0.8023,6.71158430488805,24.6,22.3755746295002
Haiti,0.08514545622915369,0.002752355727949702,0.11887382690302398,,959,31,HTI,11263079.0,America,114,0,754.58791774842,403.59854862119,0.7,0.2343,5.0636695460752,15.1,15.0198243767223
Holy_See,17.177914110429448,,,,14,0,VAT,815.0,Europe,0,0,,,,,,,
Honduras,4.348501941542861,0.09891120718358032,0.13371558009485382,0.15871369294605808,42381,964,HND,9746115.0,America,5667,153,2574.91219067443,85.6870319063366,0.7,0.3089,4.82818952409457,16.7,20.6288506487651
Hungary,13.813912881893296,0.25407367174623,0.4862222222222222,0.5424889246878776,135000,2483,HUN,9772756.0,Europe,65640,1347,16475.7418389402,107.981486799956,7.0,3.4075,19.6944576067002,7.8,15.9260481922424
Iceland,8.630469675706111,0.042017865996621766,0.12625770853618956,0.8666666666666667,3081,15,ISL,356991.0,Europe,389,13,66944.8255080349,3.51841396508728,3.2,4.0778,15.192121074474,6.6,6.48114726265749
India,3.8006927070406133,0.04769112499735403,0.13044799352400596,0.12267133167602738,5193334,65166,IND,1366417756.0,Asia,677460,7994,2104.14590003333,454.938072575247,0.7,0.8571,6.3779241556898,22.6,90.8732104688993
Indonesia,1.0751164541670963,0.028840586225912648,0.19268337950328918,0.17501601537475978,290954,7805,IDN,270625567.0,Asia,56062,1366,4135.56926281554,147.75219008926,1.2,0.4269,6.05030268241321,12.2,16.5026533008949
Iran,4.5342823307066284,0.2360521173454007,0.3845486826880877,0.3349683220927856,375955,19572,IRN,82913893.0,Asia,144573,6556,5520.31078932382,50.222420123284,1.5,1.5844,6.35852205539563,20.5,38.9787602813703
Iraq,7.268876462297979,0.11864729164534564,0.16197355619483583,0.1631646655231561,285738,4664,IRQ,39309789.0,Asia,46282,761,5955.10901036816,88.5305700354617,1.4,0.7079,3.39853313359679,20.7,61.6362357139826
Ireland,7.904588682446209,0.040984943640604864,0.16682144146932879,0.3482587064676617,38766,201,IRL,4904240.0,Europe,6467,70,78660.9564629603,70.6534475250399,2.8,3.3125,14.2228307453464,4.1,8.20857673526837
Isle_of_Man,0.3191904384730875,0.011821868091595834,0.37037037037037035,1.0,27,1,IMN,84589.0,Europe,10,1,80989.1722114502,147.50350877193,1.58427938375929,1.449,,,
Israel,24.58396879676474,0.2115179133487875,0.04659568372803667,0.1148723640399556,209440,1802,ISR,8519373.0,Asia,9759,207,43641.3977358108,410.480591497227,3.1,4.6249,12.2086744136338,4.2,21.3811022400146
Italy,14.518565133011437,0.15251937116955783,0.5669961453053288,0.6910710406256789,876334,9206,ITA,60359546.0,Europe,496878,6362,33189.5657988542,205.418372203713,3.4,3.9774,23.0121366488811,5.6,16.7507119446607
Jamaica,2.517741718298518,0.07054968037263798,0.10440522699717096,0.11538461538461539,7423,208,JAM,2948277.0,America,775,24,5582.26377755211,270.993074792244,1.7,1.3061,8.92239167324395,13.6,13.4041505299481
Japan,0.3847697063996357,0.0047611428063873635,0.3336269769728755,0.2119205298013245,48812,604,JPN,126860299.0,Asia,16285,128,40246.8801284164,347.073458415624,13.4,2.4115,28.0020492778115,4.1,11.7047781866642
Jersey,3.3210879810011504,,0.441340782122905,,358,0,JEY,107796.0,Europe,158,0,,,,,,,
Jordan,13.793622992255658,0.1671996299235663,0.5167182195939399,0.551805802249852,139339,1689,JOR,10101697.0,Asia,71999,932,4330.32934593257,112.14249831043,1.4,2.3237,3.89341629235651,24.4,33.0060811782318
Kazakhstan,1.613838029072479,0.02889265451694608,0.36450783259293895,0.16977611940298507,29939,536,KAZ,18551428.0,Asia,10913,91,9731.14520688729,6.76982572137645,6.7,3.98,7.65234394098093,17.6,13.8242883553909
Kenya,0.6698372219087063,0.01283905397513564,0.4394593366651522,0.397037037037037,35216,675,KEN,52573967.0,Africa,15476,268,1816.5469164389,90.2994166637383,1.4,0.1565,2.42382670984367,27.8,28.5783742715702
Kosovo,8.497052553619504,0.16291299556409597,0.607773851590106,0.447098976109215,15282,293,XKX,1798506.0,Europe,9288,131,4417.50993975428,164.508404519151,,,,,
Kuwait,12.290005626234082,0.07249689035879306,0.21282274441543372,0.20327868852459016,51705,305,KWT,4207077.0,Asia,11004,62,32031.9801025988,232.172390572391,2.0,2.6463,2.76383898297229,17.6,60.7451595380732
Kyrgyzstan,3.5234608783776307,0.0219768195988342,0.33734406794656285,0.3829787234042553,22606,141,KGZ,6415851.0,Asia,7626,54,1309.39299165512,32.9655891553702,4.5,2.213,4.60029458294692,15.4,22.737768057102
Laos,0.0002789611931504984,,,,2,0,LAO,7169456.0,Asia,0,0,2534.89827724281,30.5957842287695,1.5,0.3726,4.16398457065425,16.6,25.1095383439169
Latvia,4.603201720028667,0.04531325522092035,0.5150486535415252,0.5977011494252874,8838,87,LVA,1919968.0,Europe,4552,52,17836.3648865958,30.9934705693149,5.8,3.1905,20.3365110033182,9.3,13.4264575158321
Lebanon,12.748061506111185,0.0942280368084468,0.28305319404556223,0.2801857585139319,87397,646,LBN,6855709.0,Asia,24738,181,7784.31685692976,669.494134897361,2.9,2.1038,7.27329163283236,18.1,30.6211105076066
Lesotho,0.4587658868273963,0.0061168784910319495,0.09641025641025641,0.07692307692307693,975,13,LSO,2125267.0,Africa,94,1,1157.53516433147,69.437812911726,1.3,0.0692,4.92582582526063,28.9,28.0286535158261
Liberia,0.039292141936179026,,0.3711340206185567,,194,0,LBR,4937374.0,Africa,72,0,621.892953622715,50.0309073920266,0.8,0.0376,3.28569397416521,35.9,17.9841124551525
Libya,8.73558252635614,0.11257916506392593,0.20268558398783887,0.19397116644823068,59205,763,LBY,6777453.0,Africa,12000,148,7683.75061122959,3.79563238119054,3.7,2.0905,4.45823887797361,26.1,54.2546817939319
Liechtenstein,22.460784824639116,0.07816978477252592,0.5185614849187935,0.6666666666666666,862,3,LIE,38378.0,Europe,447,2,173356.051288416,236.9375,,,,,
Lithuania,10.920182779659465,0.06441952283743661,0.6411693376593584,0.6055555555555555,30513,180,LTU,2794184.0,Europe,19564,109,19455.4541266341,44.7230757742448,7.3,6.3528,20.1584127130225,8.0,11.8532823587456
Luxembourg,31.448425949756796,0.15474984280673862,0.45566145239821815,0.7052631578947368,19306,95,LUX,613894.0,Europe,8797,67,114704.594170863,250.185185185185,4.8,3.009,14.2749488817321,6.3,10.3646374004433
Madagascar,0.0886192622086753,0.002150592974101744,0.1108786610878661,0.08620689655172414,2390,58,MDG,26969306.0,Africa,265,5,522.21980923047,45.1398556204881,0.2,0.1812,3.04406412815873,28.6,22.5422828750867
Malawi,0.02297524111790867,0.0005904851689182135,0.09579439252336448,0.09090909090909091,428,11,MWI,18628749.0,Africa,41,1,411.552340423602,192.440761561307,1.3,0.0358,2.64202417908193,31.0,23.5659214726087
Malaysia,1.1541547269686194,0.005633840023168854,0.4151864406779661,0.31666666666666665,36875,180,MYS,31949789.0,Asia,15310,57,11414.8376618668,95.9628214883579,1.9,1.5358,6.92077130929584,23.6,16.0358087060705
Maldives,8.450778499953858,0.026367483619200802,0.11388455538221529,0.35714285714285715,4487,14,MDV,530957.0,Asia,511,5,10790.50023682,1718.98666666667,4.3,4.5627,3.64100023919255,0.9,7.79582079890031
Mali,0.05254851924834965,0.000661307599446801,0.2526621490803485,0.23076923076923078,1033,13,MLI,19658023.0,Africa,261,3,890.737285506382,15.635015858186,0.1,0.1286,2.49512781824385,23.1,38.5266061638458
Malta,12.26398465026471,0.1701924187381853,0.3262844870312242,0.40476190476190477,6053,84,MLT,493559.0,Europe,1975,34,29416.2306070084,1514.46875,4.7,2.8598,20.8171727539444,6.1,13.9095433663149
Marshall_Islands,0.017009406201629503,,,,1,0,MHL,58791.0,Oceania,0,0,3788.16359372058,324.516666666667,2.7,0.4233,,5.7,10.2413322193799
Mauritania,0.1906888175039519,0.0013257623464932925,0.2410196987253766,0.3333333333333333,863,6,MRT,4525698.0,Africa,208,2,1677.91925268633,4.27216357815077,0.4,0.1865,3.15624381310632,24.7,47.4229917763898
Mauritius,0.09766317232036671,,0.23387096774193547,,124,0,MUS,1269670.0,Africa,29,0,11203.5405848607,623.30197044335,3.4,2.5331,11.99872722633,13.7,14.4578273223582
Mexico,2.836053299845615,0.26730047891864905,0.23338704461721727,0.20439283305474912,361811,34101,MEX,127575529.0,America,84442,6970,9863.0726988757,64.9146264050001,1.5,2.3827,7.41666060424488,13.1,20.9211157874081
Moldova,12.878723049580314,0.2507878547448617,0.2606199108926102,0.23668639053254437,52072,1014,MDA,4043258.0,Europe,13571,240,4498.52085021233,94.018880412443,5.8,3.2066,12.0131191070183,9.7,16.2510327081515
Monaco,12.513223515188152,,0.45893719806763283,,414,0,MCO,33085.0,Europe,190,0,185829.017960407,19196.0,13.8,7.5067,,0.0,
Mongolia,0.03937781807200001,,0.6456692913385826,,127,0,MNG,3225166.0,Asia,82,0,4295.23502487944,2.04060866654651,7.0,2.8592,4.18933345157011,16.5,40.1128490470476
Montenegro,35.19227492920078,0.46127981844540666,0.3936792108147607,0.3170731707317073,21896,287,MNE,622182.0,Europe,8620,91,8832.03683598629,46.2622304832714,4.0,2.7557,15.3891720688486,10.7,20.7818135501738
Montserrat,,,,,0,0,MSF,4991.0,America,0,0,,,,,,,
Morocco,6.2188378813353875,0.0983226312649626,0.32148651746821155,0.2989403234802008,226812,3586,MAR,36471766.0,Africa,72917,1072,3204.09500313298,80.7285189334528,1.1,0.7308,7.30045477092159,19.6,32.5935414574286
Mozambique,0.3464066753774932,0.0028650423764466117,0.14858826884684856,0.21839080459770116,10519,87,MOZ,30366043.0,Africa,1563,19,491.804723063735,37.508535313716,0.7,0.0838,2.87844616926622,30.1,21.2986954591341
Myanmar,1.2438426329615855,0.02860556810898803,0.24567118886112102,0.21539456662354464,67224,1546,MMR,54045422.0,Asia,16515,333,1407.81314341043,82.2386154835549,0.9,0.677,6.01170459957569,19.9,35.5574529190767
Namibia,2.438942259124386,0.026457953501349357,0.08908612754766601,0.07575757575757576,6084,66,NAM,2494524.0,Africa,542,5,4957.4580058497,2.97374558175127,2.7,0.4182,3.60805442307769,30.4,25.3587653984573
Nepal,5.9330871729121695,0.034744657353537205,0.2360343588353816,0.29678068410462777,169738,994,NPL,28608715.0,Asia,40064,295,1071.05076056552,195.939107080572,0.3,0.7486,5.78256761664542,15.9,99.7343737198505
Netherlands,21.516751115008,0.12828255352064438,0.27148412288627854,0.4948128101037438,371856,2217,NLD,17282163.0,Europe,100953,1097,52447.8314391911,511.475927574948,4.7,3.6054,19.6053197232518,3.8,12.0344080729237
New_Caledonia,0.024756239456494446,,0.2857142857142857,,7,0,NCL,282757.0,Oceania,2,0,12579.5951055864,15.5393873085339,,1.982,9.42670203359859,,
New_Zealand,0.05394034198176816,0.0006272132788577694,0.17054263565891473,,258,3,NZL,4783062.0,Oceania,44,0,42084.3533748088,18.3851733697923,2.8,3.5898,15.9939561741085,7.8,5.95600112941562
Nicaragua,0.17829034682284922,0.0032083095829304486,0.12596401028277635,0.09523809523809523,1167,21,NIC,6545503.0,America,147,2,1912.90374537869,53.7270483629716,0.9,0.9775,5.45799237399973,15.3,17.6141804489581
Niger,0.005362339960427647,4.2898719683421176e-05,0.648,1.0,125,1,NER,23310719.0,Africa,81,1,554.600968697425,17.7176505881424,0.3,0.0433,2.59671142648349,26.2,94.0538176774282
Nigeria,0.05538813911492222,0.0007464038152222022,0.20707932800287485,0.12666666666666668,11131,150,NGA,200963603.0,Africa,2305,19,2229.85869624463,215.064988965381,0.5,0.3806,2.74308333819201,21.4,71.7981743753326
North_Macedonia,15.470851154380174,0.335558837859125,0.48588766142834916,0.42898134863701576,32135,697,MKD,2077132.0,Europe,15614,299,6093.14769049676,82.5915146708961,4.4,2.8736,14.0854223673228,6.4,29.7269445083568
Northern_Mariana_Islands,0.7690559837799101,,0.18181818181818182,,44,0,MNP,57213.0,Oceania,8,0,23258.6758552794,123.65652173913,,0.445,,,9.89298112932514
Norway,3.131069109112025,0.005630406597935668,0.4593298567403944,0.4,16683,30,NOR,5328212.0,Europe,7663,12,75419.6348688089,14.5482916341657,3.9,2.9164,17.272665921403,2.7,6.95651980294718
Oman,6.813679298378771,0.13045247107935048,0.14773732963596672,0.18181818181818182,33898,649,OMN,4974992.0,Asia,5008,118,15474.0324753635,15.6041453957997,1.6,2.0031,2.44858980507684,16.1,41.1152382655137
Pakistan,0.2819241827166628,0.0039110602368522375,0.3916304970927852,0.3955135773317591,61055,847,PAK,216565317.0,Asia,23911,335,1284.70204090039,275.289318700706,0.6,0.9801,4.32240770888347,14.3,58.2824187715197
Palestine,9.091179185381202,0.09374833129977746,0.21215801444123036,0.1734475374732334,45287,467,PSE,4981422.0,Asia,9608,81,3198.86664447405,758.984551495017,1.2000000477,0.837,3.17341240048018,,33.2256303758951
Panama,12.538502840025998,0.2053484801386573,0.233678912177898,0.20527522935779816,53244,872,PAN,4246440.0,America,12442,179,15731.0160348471,56.1860774818402,2.3,1.5687,8.31383660521204,14.3,11.4000543321554
Papua_New_Guinea,0.016066327268351763,0.00022789116692697534,0.07801418439716312,,141,2,PNG,8776119.0,Oceania,11,0,2845.18018574842,19.0043633794109,,0.0699,3.50942541848557,14.2,12.2944182563739
Paraguay,7.646949687556736,0.17900136543547512,0.15721180620011138,0.14432989690721648,53870,1261,PRY,7044639.0,America,8469,182,5414.79913793258,17.5083589227284,1.3,1.3544,6.6208246955556,22.7,11.9090808488171
Peru,8.85047404124863,0.196521353649173,0.12066394886926421,0.11989356706839881,287733,6389,PER,32510462.0,America,34719,766,6977.69578355382,24.99160625,1.6,1.3048,8.39347886047604,13.5,24.786728048654
Philippines,1.7475666230119546,0.039503638950169936,0.14503998602738422,0.14188714586747833,188941,4271,PHL,108116622.0,Asia,27404,606,3485.08421836621,357.688305329175,1.0,0.6004,5.31499621959123,12.3,18.0697989132741
Poland,16.439340863141766,0.2109930652488944,0.5611295510758545,0.5858711932101848,624248,8012,POL,37972812.0,Europe,350284,4694,15595.2270334259,124.023482151605,6.5,2.3788,18.1168972529604,9.7,20.8778222190899
Portugal,14.936627491323263,0.14460011499893397,0.4820518834121617,0.5632570659488559,153498,1486,PRT,10276617.0,Europe,73994,837,23145.0408172828,112.2619412173,3.4,5.124,22.3566907196201,7.4,8.16075224791735
Puerto_Rico,15.019751796888528,0.16601872773065013,0.25338750312081526,0.20739219712525667,44059,487,PRI,2933404.0,America,11164,101,32873.7192730424,360.017361894025,3.3199999332,,19.6970895286302,,8.34903333944518
Qatar,6.076825051349348,0.013064644212662749,0.2,0.05405405405405406,17210,37,QAT,2832071.0,Asia,3442,2,64781.7331974169,239.593195521103,1.2,2.4852,1.52316311725676,9.3,91.1873279323164
Romania,13.721732535618559,0.2696444062461079,0.4414376876876877,0.37172874880611273,266400,5235,ROU,19414458.0,Europe,117599,1946,12919.5296441908,84.633801286509,6.3,2.9807,18.79006578875,10.3,14.6113401886611
Russia,6.25840032916471,0.10790948189875169,0.3322029034084872,0.32894987611968746,912927,15741,RUS,145872260.0,Europe,303277,5178,11584.9953826104,8.82206795315588,8.2,4.0139,15.0941252324225,18.0,16.1602238064949
Rwanda,0.10881497953027092,0.0020590898601070187,0.18922852983988356,0.2692307692307692,1374,26,RWA,12626938.0,Africa,260,7,801.656186978807,498.659870287799,1.6,0.134,3.02825306190331,29.7,43.2102171630293
Saint_Kitts_and_Nevis,0.03785441193171064,,,,2,0,KNA,52834.0,America,0,0,19896.4957043824,201.696153846154,2.3,2.6758,,,
Saint_Lucia,0.7440028447167593,0.010941218304658225,0.6176470588235294,1.0,136,2,LCA,182795.0,America,84,2,11611.4154473966,298.17868852459,1.3,0.6409,10.0350128562832,35.4,22.4008171246298
Saint_Vincent_and_the_Grenadines,0.16275894496035012,,0.2222222222222222,,18,0,VCT,110593.0,America,4,0,7463.53783093423,282.589743589744,2.6,0.6648,9.7405709428605,8.2,22.2005163158424
San_Marino,15.760601399007344,,0.5985267034990792,,543,0,SMR,34453.0,Europe,325,0,48481.0133042107,563.083333333333,3.8,6.1094,,0.0,
Sao_Tome_and_Principe,0.3162084743871136,0.004650124623339906,0.27941176470588236,,68,1,STP,215048.0,Africa,19,0,1994.90646719089,219.820833333333,2.9,0.0531,2.96015921434417,27.5,28.5395843568146
Saudi_Arabia,1.1126535370105906,0.05168007065608215,0.15919641217970573,0.14568040654997177,38129,1771,SAU,34268529.0,Asia,6070,258,23139.7986561214,15.6766543082956,2.7,2.6117,3.41288659962284,28.8,87.9454466778152
Senegal,0.13641081365276497,0.00263862572517719,0.07827260458839407,0.09302325581395349,2223,43,SEN,16296362.0,Africa,174,4,1446.83096499408,82.3474783150678,0.3,0.0691,3.09847644542059,23.4,40.6958258953758
Serbia,7.139960515606216,0.03992093930810981,0.7230144204662015,0.6294964028776978,49721,278,SRB,6963764.0,Europe,35949,175,7402.35455862041,79.8376857992225,5.7,3.1131,18.7405034178861,7.4,24.7263581904237
Seychelles,0.22508466252647302,,0.22727272727272727,,22,0,SYC,97741.0,Africa,5,0,17401.7215135612,210.352173913043,3.6,2.1212,7.80548194681754,15.9,20.1786493605547
Sierra_Leone,0.04722772607970069,0.0005119536702406579,0.07046070460704607,,369,4,SLE,7813207.0,Africa,26,0,504.46254336648,105.987170961485,0.4,0.0251,2.94773662314425,27.3,21.6259466795766
Singapore,0.23172303911054187,0.00017228478744278205,0.08401486988847584,,1345,1,SGP,5804343.0,Asia,113,0,65233.2824392302,7952.9984184018,2.4,2.2936,12.3931294823164,2.8,19.0782564997534
Sint_Maarten,10.851871947911015,0.16513718181603718,0.2565217391304348,0.2857142857142857,460,7,SXM,42389.0,America,118,2,,1193.35294117647,,,,,
Slovakia,14.988016522026463,0.08751617535599544,0.3730643522542263,0.6247379454926625,81691,477,SVK,5450421.0,Europe,30476,298,19329.0968007902,113.285586522463,5.8,3.4156,16.1723638921146,6.1,17.5629113438527
Slovenia,24.632035630599717,0.17876811468839565,0.421639971125895,0.739247311827957,51257,372,SVN,2080908.0,Europe,21612,275,25739.2478143246,102.96366052404,4.6,3.0861,20.1862840087865,6.4,16.0239799760869
Solomon_Islands,0.023886978759997072,,0.5,,16,0,SLB,669821.0,Oceania,8,0,2127.53850760272,23.324687388353,1.4,0.1937,3.63080993038459,17.4,11.8791218449166
Somalia,0.0641718598818124,0.0006475465174754026,0.3632694248234107,0.3,991,10,SOM,15442906.0,Africa,360,3,,23.9234769024771,0.9,0.023,2.88920381236561,27.1,32.0345842282344
South_Africa,2.1197007076729233,0.10550175605435864,0.2054364113884279,0.1579799287795403,124126,6178,ZAF,58558267.0,Africa,25500,976,6001.40081394888,47.6301197767684,2.8,0.9054,5.41525560779033,25.9,25.1022049863671
South_Korea,0.16786620038945194,0.003299149652961667,0.23665542504942436,0.17159763313609466,8599,169,KOR,51225321.0,Asia,2035,29,31761.9776923447,529.358501289308,11.5,2.3608,15.0601768953737,9.8,25.0394253880491
South_Sudan,0.04375293908560335,0.001084783613692645,0.2066115702479339,0.08333333333333333,484,12,SSD,11062114.0,Africa,100,1,1119.65133267823,,,,3.37680513659551,29.9,45.5775055664158
Spain,21.214217507445078,0.24873735167903574,0.2740825100704707,0.4189293361884368,995733,11675,ESP,46937060.0,Europe,272913,4891,29613.6711379783,93.6771974435832,3.0,3.8723,19.6478229478216,4.1,9.69792786284953
Sri_Lanka,0.6364269972604235,0.0019227401729922159,0.4538353842752929,0.8292682926829268,13571,41,LKA,21323734.0,Asia,6159,34,3853.08369288942,345.558922022006,3.6,1.0041,10.838805756947,14.9,11.0996172423996
Sudan,0.028309001722995157,0.006843677809271931,0.5247524752475248,0.9522184300341296,1212,293,SDN,42813237.0,Africa,636,279,441.505603374484,,0.8,0.2618,3.62731732647738,25.7,55.3708344433937
Suriname,2.1759210682482375,0.08084449818787917,0.057707509881422925,0.06382978723404255,1265,47,SUR,581363.0,America,73,3,6854.90656148409,3.69225,3.1,1.2101,7.01512972760986,14.5,24.7800105357684
Sweden,9.10257243637334,0.03479897968609561,0.5188196003049795,0.46629213483146065,93121,356,SWE,10230185.0,Europe,48313,166,51610.0660552202,24.9814981218237,2.6,3.984,20.1985696235664,2.8,6.18466509039924
Switzerland,25.078041183555275,0.14418586306766892,0.47815008400224007,0.747564935064935,214280,1232,CHE,8544527.0,Europe,102458,921,81993.7271494202,215.465350480429,4.7,4.2957,18.8379960576695,2.7,10.3031001048906
Syria,0.22905505358716619,0.013590990391872775,0.23785166240409208,0.2413793103448276,3910,232,SYR,17070132.0,Asia,930,56,2032.62348932701,92.0671077710614,1.5,1.2874,4.69185510249333,26.5,43.7572594654519
Taiwan,0.004795178372433175,,0.41228070175438597,,114,0,CNG1925,23773881.0,Asia,47,0,,,,,,,
Tajikistan,0.32432062446364524,0.00182383414352695,0.19715514389679126,0.17647058823529413,3023,17,TJK,9321023.0,Asia,596,3,870.787589323223,65.5727141724908,4.8,2.1026,3.0859612115329,18.1,46.1521853683313
Thailand,0.006635492205084794,2.872507448088656e-05,0.20346320346320346,0.5,462,2,THA,69625581.0,Asia,94,1,7808.19291629949,135.897206835131,2.1,0.805,12.4062503348266,32.7,26.2567265583447
Timor_Leste,0.002319970304380104,,,,3,0,TLS,1293120.0,Asia,0,0,1294.18893388776,85.270477471419,5.9,0.7224,4.2865351139377,12.7,19.2572091668723
Togo,0.15527644837355034,0.004206692625259531,0.2701195219123506,0.17647058823529413,1255,34,TGO,8082359.0,Africa,339,6,675.542213340634,145.046773303916,0.7,0.0774,2.88734759103955,29.2,35.7313356081261
Trinidad_and_Tobago,3.1498907861034904,0.06523442456427347,0.09308147473827948,0.054945054945054944,4394,91,TTO,1394969.0,America,409,5,17276.4654468225,270.927485380117,3.0,4.1675,11.1182080226642,12.1,24.1085684320503
Tunisia,6.469072669625894,0.18837559271401172,0.2580960689454622,0.436677258284158,75654,2203,TUN,11694721.0,Africa,19526,962,3317.54101348345,74.4413233779609,2.3,1.3025,8.5934685561919,22.8,37.6559937453942
Turkey,1.7378323626191259,0.06209462132536604,0.26595513265828824,0.2437156323644933,142509,5092,TUR,82003882.0,Asia,37901,1241,9042.49298288882,106.960128893104,2.7,1.8492,8.72628382619289,12.3,44.3115256776956
Turks_and_Caicos_islands,5.576792166308844,0.07854636853956119,0.07981220657276995,,213,3,TCA,38194.0,America,17,0,27142.2277976902,39.6473684210526,,,,,
Uganda,0.28177357968123806,0.0025751313198381543,0.23985890652557318,0.2982456140350877,12474,114,UGA,44269587.0,Africa,2992,34,776.768575885308,213.061734490325,0.5,0.168,1.96255018738143,29.0,50.4943213226178
Ukraine,9.230924567897231,0.15868201685411687,0.3606162983683902,0.35338776679558803,406102,6981,UKR,43993643.0,Europe,146447,2467,3659.03131229487,77.0296708039151,8.8,2.9923,16.7049903897468,13.7,20.3097758188675
United_Arab_Emirates,8.131087313006486,0.014942900719981708,0.22187677009251683,0.2602739726027397,79445,146,ARE,9770526.0,Asia,17627,38,43103.3230583165,135.609110109828,1.2,2.5278,1.15654945602229,18.1,40.9175098248731
United_Kingdom,15.152779613316177,0.15405018600055767,0.35113859047875556,0.5393006720561021,1009889,10267,GBR,66647112.0,Europe,354611,5537,42300.267125825,274.708981936924,2.8,2.8117,18.5086956390397,3.1,10.4726903888942
United_Republic_of_Tanzania,,,,,0,0,TZA,58005461.0,Africa,0,0,1122.12181047515,63.5790787988259,0.7,0.014,2.62054110317161,29.2,29.0766405124356
United_States_Virgin_Islands,2.8686447565954927,0.08605934269786476,0.24,0.2222222222222222,300,9,VIR,104579.0,America,72,2,35938.0243875154,305.648571428571,18.6800003052,,19.8751171374476,,10.2653122841077
United_States_of_America,14.914163578246173,0.19002633453021672,0.37847737282913807,0.25414594361196846,4907728,62531,USA,329064917.0,America,1857464,15892,65118.3583328163,35.7136220923495,2.9,2.612,16.2096061428511,12.4,7.40944166188307
Uruguay,0.685206331745592,0.0057774564228127495,0.3688870151770658,0.3,2372,20,URY,3461731.0,America,875,6,16190.1269572827,19.7080276539824,2.8,5.0794,14.9412404303739,13.4,9.27488332030728
Uzbekistan,0.8498345219464785,0.008398592977957635,0.10888722394662671,0.11191335740072202,28029,277,UZB,32981715.0,Asia,3052,31,1724.8411344137,77.4708509637988,4.0,2.3742,4.59521572497926,11.5,28.455901201856
Vanuatu,0.003334644960351071,,1.0,,1,0,VUT,299882.0,Oceania,1,0,3058.0656752208,24.0098441345365,1.7,0.1653,3.6160889950047,15.9,11.6527770296143
Venezuela,1.7735062164947053,0.01623659617260294,0.09594052162220948,0.1101511879049676,50573,463,VEN,28515829.0,America,4852,51,16054.4905130962,32.7307919052208,0.8,1.9475,7.6109903731012,33.7,17.0085535697031
Vietnam,0.0023325221132426423,3.110029484323523e-05,0.39111111111111113,,225,3,VNM,96462108.0,Asia,88,0,2715.27603640721,308.125245912213,2.6,0.8281,7.55367294178711,26.4,29.6267283386303
Wallis_and_Futuna,,,,,1,0,,,Oceania,0,0,,,,,,,
Western_Sahara,,,,,0,0,ESH,582458.0,Africa,0,0,,,,,,,
Yemen,0.004080663819072008,0.0013373604112925067,0.07563025210084033,0.07692307692307693,119,39,YEM,29161922.0,Asia,9,3,968.159047582999,53.9778529083092,0.7,0.5251,2.90214067508993,21.5,50.4560068932715
Zambia,0.2839701217745848,0.003527231402168542,0.13446372239747634,0.015873015873015872,5072,63,ZMB,17861034.0,Africa,682,1,1291.34335737364,23.3414789007116,2.0,1.1867,2.11531473828777,24.7,27.438034758712
Zimbabwe,0.16209787147195587,0.004165109587105858,0.17860151642796968,0.2459016393442623,2374,61,ZWE,14645473.0,Africa,424,15,1463.98591018054,37.3245909267158,1.7,0.2096,2.9806080625078,34.7,22.2516710932407
